id,title,category,tags,venue,startDate,endDate,match_status,match_score,place_name,place_type,address_full,district,lat,lon,osm_type,osm_id,osm_url,source_provider,source_url,raw_title,raw_date_text,scraped_at
kassir:krs:koncert:vecher-klassicheskoy-muzyiki,Вечер классической музыки,concert,music,Дом Актера (Красноярск),2026-04-25T17:00:00+07:00,2026-04-25T19:30:00+07:00,exact,1.08,Дом актера,theatre,"660000, Красноярск, улица Бограда",Центральный район,56.0087597,92.8756067,node,3158291836,https://www.openstreetmap.org/node/3158291836,kassir,https://krs.kassir.ru/koncert/vecher-klassicheskoy-muzyiki,Вечер классической музыки,25 апреля 17:00 сб,2026-04-23T08:01:45Z
kassir:krs:koncert:pesenki-vertinskogo-1,Песенки Вертинского,concert,music,Красноярский драмтеатр им. А.С. Пушкина,2026-05-07T19:00:00+07:00,2026-05-07T21:30:00+07:00,fuzzy,0.8617,Красноярский драматический театр имени А. С. Пушкина,theatre,"660049, проспект Мира, 73",Центральный район,56.0113314,92.8655873,way,66007532,https://www.openstreetmap.org/way/66007532,kassir,https://krs.kassir.ru/koncert/pesenki-vertinskogo-1,Песенки Вертинского,7 мая 19:00 чт,2026-04-23T08:01:45Z
kassir:krs:koncert:monah-avel-vechnaya-lyubov_2026-05-12,Монах Авель. Вечная любовь,concert,music,Красноярская краевая филармония,2026-05-12T19:00:00+07:00,2026-05-12T21:30:00+07:00,exact,1.08,Красноярская краевая филармония,arts_centre,"проспект Мира, 2Б",Центральный район,56.0124777,92.894712,way,60219525,https://www.openstreetmap.org/way/60219525,kassir,https://krs.kassir.ru/koncert/krasnoyarskaya-kraevaya-filarmoniya-2017/monah-avel-vechnaya-lyubov_2026-05-12,Монах Авель. Вечная любовь,12 мая 19:00 вт,2026-04-23T08:01:45Z
kassir:krs:koncert:queen-shou-bogemskaya-rapsodiya-v-soprovojdenii-simfonicheskogo-orkestra_2026-04-07,Queen. Шоу «Богемская рапсодия» в сопровождении симфонического оркестра,concert,"music, orchestra",Красноярская краевая филармония,2026-01-02T00:00:00+07:00,,exact,1.16,Красноярская краевая филармония,arts_centre,"проспект Мира, 2Б",Центральный район,56.0124777,92.894712,way,60219525,https://www.openstreetmap.org/way/60219525,kassir,https://krs.kassir.ru/koncert/krasnoyarskaya-kraevaya-filarmoniya-2017/queen-shou-bogemskaya-rapsodiya-v-soprovojdenii-simfonicheskogo-orkestra_2026-04-07,Queen. Шоу «Богемская рапсодия» в сопровождении симфонического оркестра,2 января 2027,2026-04-23T08:01:45Z
kassir:krs:koncert:aleksandr-rayn-9,Александр Райн,concert,music,Дом Кино,2026-06-02T19:00:00+07:00,2026-06-02T21:30:00+07:00,exact,1.16,Дом кино,cinema,"проспект Мира, 88",Центральный район,56.0120943,92.864693,way,66007969,https://www.openstreetmap.org/way/66007969,kassir,https://krs.kassir.ru/koncert/aleksandr-rayn-9,Александр Райн,2 июня 19:00 вт,2026-04-23T08:01:45Z
kassir:krs:koncert:balet-igorya-moiseeva-13,Балет Игоря Моисеева,concert,"ballet, dance, music",Красноярская краевая филармония,2026-11-18T19:00:00+07:00,2026-11-18T21:30:00+07:00,exact,1.13,Красноярская краевая филармония,arts_centre,"проспект Мира, 2Б",Центральный район,56.0124777,92.894712,way,60219525,https://www.openstreetmap.org/way/60219525,kassir,https://krs.kassir.ru/koncert/balet-igorya-moiseeva-13,Балет Игоря Моисеева,18 ноября 19:00 ср,2026-04-23T08:01:45Z
kassir:krs:koncert:opernyie-snyi-neyroseti,Оперные сны Нейросети,concert,music,Красноярский государственный театр оперы и балета,2026-05-01T00:00:00+07:00,,exact,1.16,Красноярский государственный театр оперы и балета,theatre,"660049, улица Перенсона, 2",Центральный район,56.0086563,92.868386,way,172602508,https://www.openstreetmap.org/way/172602508,kassir,https://krs.kassir.ru/koncert/opernyie-snyi-neyroseti,Оперные сны Нейросети,1 – 14 мая,2026-04-23T08:01:45Z
kassir:krs:koncert:andru-donalds-zolotoy-golos-enigma,"Andru Donalds ""Золотой голос Энигма""",concert,music,Красноярская краевая филармония,2026-11-06T19:00:00+07:00,2026-11-06T21:30:00+07:00,exact,1.08,Красноярская краевая филармония,arts_centre,"проспект Мира, 2Б",Центральный район,56.0124777,92.894712,way,60219525,https://www.openstreetmap.org/way/60219525,kassir,https://krs.kassir.ru/koncert/andru-donalds-zolotoy-golos-enigma,"Andru Donalds ""Золотой голос Энигма""",6 ноября 19:00 пт,2026-04-23T08:01:45Z
kassir:krs:koncert:formula-orkestra-motsart-otets-i-syin_2026-05-23,Формула оркестра. Моцарт: отец и сын,concert,"music, orchestra",Красноярский государственный театр оперы и балета,2026-05-23T19:00:00+07:00,2026-05-23T21:30:00+07:00,exact,1.16,Красноярский государственный театр оперы и балета,theatre,"660049, улица Перенсона, 2",Центральный район,56.0086563,92.868386,way,172602508,https://www.openstreetmap.org/way/172602508,kassir,https://krs.kassir.ru/koncert/kgauk-krasnoyarskiy-gosudarstvennyiy-teatr-operyi-i-baleta/formula-orkestra-motsart-otets-i-syin_2026-05-23,Формула оркестра. Моцарт: отец и сын,23 мая 19:00 сб,2026-04-23T08:01:45Z
kassir:krs:koncert:gala-opera-1,Гала-опера,concert,"music, opera",Красноярский государственный театр оперы и балета,2026-07-05T18:00:00+07:00,2026-07-05T20:30:00+07:00,exact,1.28,Красноярский государственный театр оперы и балета,theatre,"660049, улица Перенсона, 2",Центральный район,56.0086563,92.868386,way,172602508,https://www.openstreetmap.org/way/172602508,kassir,https://krs.kassir.ru/koncert/gala-opera-1,Гала-опера,5 июля 18:00 вс,2026-04-23T08:01:45Z
kassir:krs:koncert:magiya-severa-volshebnyiy-kontsert-olenyi-uutay-34,Магия Севера. Волшебный концерт Олены УУТАй,concert,music,Красноярская краевая филармония,2026-10-07T19:00:00+07:00,2026-10-07T21:30:00+07:00,exact,1.16,Красноярская краевая филармония,arts_centre,"проспект Мира, 2Б",Центральный район,56.0124777,92.894712,way,60219525,https://www.openstreetmap.org/way/60219525,kassir,https://krs.kassir.ru/koncert/magiya-severa-volshebnyiy-kontsert-olenyi-uutay-34,Магия Севера. Волшебный концерт Олены УУТАй,7 октября 19:00 ср,2026-04-23T08:01:45Z
kassir:krs:koncert:natalya-podolskaya-2,Наталья Подольская,concert,music,Красноярская краевая филармония,2026-10-05T19:00:00+07:00,2026-10-05T21:30:00+07:00,exact,1.08,Красноярская краевая филармония,arts_centre,"проспект Мира, 2Б",Центральный район,56.0124777,92.894712,way,60219525,https://www.openstreetmap.org/way/60219525,kassir,https://krs.kassir.ru/koncert/natalya-podolskaya-2,Наталья Подольская,5 октября 19:00 пн,2026-04-23T08:01:45Z
kassir:krs:koncert:muzyikalnaya-sreda,Музыкальная среда,concert,music,Красноярский драмтеатр им. А.С. Пушкина,,,fuzzy,0.8617,Красноярский драматический театр имени А. С. Пушкина,theatre,"660049, проспект Мира, 73",Центральный район,56.0113314,92.8655873,way,66007532,https://www.openstreetmap.org/way/66007532,kassir,https://krs.kassir.ru/koncert/muzyikalnaya-sreda,Музыкальная среда,май – июнь,2026-04-23T08:01:45Z
kassir:krs:koncert:oleg-pogudin-krasnoyarsk,Олег Погудин Красноярск,concert,music,Красноярская краевая филармония,2026-10-06T19:00:00+07:00,2026-10-06T21:30:00+07:00,exact,1.08,Красноярская краевая филармония,arts_centre,"проспект Мира, 2Б",Центральный район,56.0124777,92.894712,way,60219525,https://www.openstreetmap.org/way/60219525,kassir,https://krs.kassir.ru/koncert/oleg-pogudin-krasnoyarsk,Олег Погудин Красноярск,6 октября 19:00 вт,2026-04-23T08:01:45Z
kassir:krs:koncert:silva-edvin-i-drugie,"Сильва, Эдвин и другие",concert,music,Красноярский государственный театр оперы и балета,2026-05-17T15:00:00+07:00,2026-05-17T17:30:00+07:00,exact,1.16,Красноярский государственный театр оперы и балета,theatre,"660049, улица Перенсона, 2",Центральный район,56.0086563,92.868386,way,172602508,https://www.openstreetmap.org/way/172602508,kassir,https://krs.kassir.ru/koncert/silva-edvin-i-drugie,"Сильва, Эдвин и другие",17 мая 15:00 вс,2026-04-23T08:01:45Z
kassir:krs:koncert:muzyika-zemli-russkoy,Музыка земли русской,concert,music,Красноярский государственный театр оперы и балета,2026-05-10T15:00:00+07:00,2026-05-10T17:30:00+07:00,exact,1.16,Красноярский государственный театр оперы и балета,theatre,"660049, улица Перенсона, 2",Центральный район,56.0086563,92.868386,way,172602508,https://www.openstreetmap.org/way/172602508,kassir,https://krs.kassir.ru/koncert/muzyika-zemli-russkoy,Музыка земли русской,10 мая 15:00 вс,2026-04-23T08:01:45Z
kassir:krs:teatr:12-vekov-mujestva,12 веков мужества,theatre,theatre,Красноярский государственный театр оперы и балета,2026-06-12T18:00:00+07:00,2026-06-12T20:30:00+07:00,exact,1.16,Красноярский государственный театр оперы и балета,theatre,"660049, улица Перенсона, 2",Центральный район,56.0086563,92.868386,way,172602508,https://www.openstreetmap.org/way/172602508,kassir,https://krs.kassir.ru/teatr/12-vekov-mujestva,12 веков мужества,12 июня 18:00 пт,2026-04-23T08:01:45Z
kassir:krs:koncert:kto-skazal-chto-nujno-brosit-pesni-na-voyne,"Кто сказал, что нужно бросить песни на войне?",concert,music,Красноярский драмтеатр им. А.С. Пушкина,2026-05-08T19:00:00+07:00,2026-05-08T21:30:00+07:00,fuzzy,0.8617,Красноярский драматический театр имени А. С. Пушкина,theatre,"660049, проспект Мира, 73",Центральный район,56.0113314,92.8655873,way,66007532,https://www.openstreetmap.org/way/66007532,kassir,https://krs.kassir.ru/koncert/kto-skazal-chto-nujno-brosit-pesni-na-voyne,"Кто сказал, что нужно бросить песни на войне?",8 мая 19:00 пт,2026-04-23T08:01:45Z
kassir:krs:koncert:pobeda-budet-za-nami,Победа будет за нами,concert,"kids, music",Красноярский драмтеатр им. А.С. Пушкина,2026-05-09T18:00:00+07:00,2026-05-09T20:30:00+07:00,fuzzy,0.8617,Красноярский драматический театр имени А. С. Пушкина,theatre,"660049, проспект Мира, 73",Центральный район,56.0113314,92.8655873,way,66007532,https://www.openstreetmap.org/way/66007532,kassir,https://krs.kassir.ru/koncert/pobeda-budet-za-nami,Победа будет за нами,9 мая 18:00 сб,2026-04-23T08:01:45Z
kassir:krs:teatr:jenschinyi-7,Женщины,theatre,theatre,Красноярский государственный театр оперы и балета,2026-04-27T19:00:00+07:00,2026-04-27T21:30:00+07:00,exact,1.16,Красноярский государственный театр оперы и балета,theatre,"660049, улица Перенсона, 2",Центральный район,56.0086563,92.868386,way,172602508,https://www.openstreetmap.org/way/172602508,kassir,https://krs.kassir.ru/teatr/jenschinyi-7,Женщины,27 апреля 19:00 пн,2026-04-23T08:01:45Z
kassir:krs:teatr:myi-letim,Мы летим,theatre,theatre,Красноярская краевая филармония,2026-04-26T18:00:00+07:00,2026-04-26T20:30:00+07:00,exact,1.08,Красноярская краевая филармония,arts_centre,"проспект Мира, 2Б",Центральный район,56.0124777,92.894712,way,60219525,https://www.openstreetmap.org/way/60219525,kassir,https://krs.kassir.ru/teatr/myi-letim,Мы летим,26 апреля 18:00 вс,2026-04-23T08:01:45Z
kassir:krs:teatr:ya-vas-tak-ne-otpuschu,Я Вас так не отпущу и привет Котопесику,theatre,theatre,Дом Актера (Красноярск),2026-04-25T14:30:00+07:00,2026-04-25T17:00:00+07:00,exact,1.08,Дом актера,theatre,"660000, Красноярск, улица Бограда",Центральный район,56.0087597,92.8756067,node,3158291836,https://www.openstreetmap.org/node/3158291836,kassir,https://krs.kassir.ru/teatr/ya-vas-tak-ne-otpuschu,Я Вас так не отпущу и привет Котопесику,25 апреля 14:30 сб,2026-04-23T08:01:45Z
kassir:krs:teatr:on-ona-shpion-balkon,"Он, она, шпион, балкон",theatre,theatre,Дом Актера (Красноярск),2026-04-24T21:30:00+07:00,2026-04-25T00:00:00+07:00,exact,1.08,Дом актера,theatre,"660000, Красноярск, улица Бограда",Центральный район,56.0087597,92.8756067,node,3158291836,https://www.openstreetmap.org/node/3158291836,kassir,https://krs.kassir.ru/teatr/on-ona-shpion-balkon,"Он, она, шпион, балкон",24 апреля 21:30 пт,2026-04-23T08:01:45Z
kassir:krs:teatr:evgeniy-onegin,Евгений Онегин,theatre,theatre,Красноярский государственный театр оперы и балета,2026-04-26T00:00:00+07:00,,exact,1.16,Красноярский государственный театр оперы и балета,theatre,"660049, улица Перенсона, 2",Центральный район,56.0086563,92.868386,way,172602508,https://www.openstreetmap.org/way/172602508,kassir,https://krs.kassir.ru/teatr/evgeniy-onegin,Евгений Онегин,"25 , 26 апреля",2026-04-23T08:01:45Z
kassir:krs:teatr:lyubov-v-stile-disco,Любовь в стиле Disco,theatre,theatre,Дом Актера (Красноярск),,,exact,1.08,Дом актера,theatre,"660000, Красноярск, улица Бограда",Центральный район,56.0087597,92.8756067,node,3158291836,https://www.openstreetmap.org/node/3158291836,kassir,https://krs.kassir.ru/teatr/lyubov-v-stile-disco,Любовь в стиле Disco,апрель – май,2026-04-23T08:01:45Z
kassir:krs:teatr:evgeniy-mironov-v-spektakle-russkiy-krest_2026-04-23,"Спектакль ""Русский крест"". Евгений Миронов",theatre,theatre,Красноярская краевая филармония,2026-04-23T19:00:00+07:00,2026-04-23T21:30:00+07:00,exact,1.13,Красноярская краевая филармония,arts_centre,"проспект Мира, 2Б",Центральный район,56.0124777,92.894712,way,60219525,https://www.openstreetmap.org/way/60219525,kassir,https://krs.kassir.ru/teatr/krasnoyarskaya-kraevaya-filarmoniya-2017/evgeniy-mironov-v-spektakle-russkiy-krest_2026-04-23,"Спектакль ""Русский крест"". Евгений Миронов",23 апреля 19:00 чт,2026-04-23T08:01:45Z
kassir:krs:teatr:dnevnik-tolstushki,Дневник толстушки,theatre,theatre,Дом Актера (Красноярск),2026-04-28T19:00:00+07:00,2026-04-28T21:30:00+07:00,exact,1.08,Дом актера,theatre,"660000, Красноярск, улица Бограда",Центральный район,56.0087597,92.8756067,node,3158291836,https://www.openstreetmap.org/node/3158291836,kassir,https://krs.kassir.ru/teatr/dnevnik-tolstushki,Дневник толстушки,28 апреля 19:00 вт,2026-04-23T08:01:45Z
kassir:krs:teatr:viktor-suhorukov-monospektakl-schastlivyie-dni-2,"Виктор Сухоруков. ""Счастливые дни""",theatre,theatre,Красноярская краевая филармония,2026-05-20T19:00:00+07:00,2026-05-20T21:30:00+07:00,exact,1.08,Красноярская краевая филармония,arts_centre,"проспект Мира, 2Б",Центральный район,56.0124777,92.894712,way,60219525,https://www.openstreetmap.org/way/60219525,kassir,https://krs.kassir.ru/teatr/viktor-suhorukov-monospektakl-schastlivyie-dni-2,"Виктор Сухоруков. ""Счастливые дни""",20 мая 19:00 ср,2026-04-23T08:01:45Z
kassir:krs:teatr:tantsuy-so-mnoy-spektakl-5,Танцуй со мной. Спектакль,theatre,theatre,Красноярский государственный театр оперы и балета,2026-05-18T19:00:00+07:00,2026-05-18T21:30:00+07:00,exact,1.28,Красноярский государственный театр оперы и балета,theatre,"660049, улица Перенсона, 2",Центральный район,56.0086563,92.868386,way,172602508,https://www.openstreetmap.org/way/172602508,kassir,https://krs.kassir.ru/teatr/tantsuy-so-mnoy-spektakl-5,Танцуй со мной. Спектакль,18 мая 19:00 пн,2026-04-23T08:01:45Z
kassir:krs:teatr:koshmariki,Кошмарики,theatre,theatre,Красноярский драмтеатр им. А.С. Пушкина,,,fuzzy,0.8617,Красноярский драматический театр имени А. С. Пушкина,theatre,"660049, проспект Мира, 73",Центральный район,56.0113314,92.8655873,way,66007532,https://www.openstreetmap.org/way/66007532,kassir,https://krs.kassir.ru/teatr/koshmariki,Кошмарики,апрель – июнь,2026-04-23T08:01:45Z
kassir:krs:teatr:malchishnik-po-italyanski,Мальчишник по-итальянски,theatre,theatre,Дом Актера (Красноярск),2026-05-03T14:00:00+07:00,2026-05-03T16:30:00+07:00,exact,1.08,Дом актера,theatre,"660000, Красноярск, улица Бограда",Центральный район,56.0087597,92.8756067,node,3158291836,https://www.openstreetmap.org/node/3158291836,kassir,https://krs.kassir.ru/teatr/malchishnik-po-italyanski,Мальчишник по-итальянски,3 мая 14:00 вс,2026-04-23T08:01:45Z
kassir:krs:teatr:chto-sluchilos-s-radugoy,Что случилось с радугой?,theatre,theatre,Дом Актера (Красноярск),2026-04-25T11:00:00+07:00,2026-04-25T13:30:00+07:00,exact,1.08,Дом актера,theatre,"660000, Красноярск, улица Бограда",Центральный район,56.0087597,92.8756067,node,3158291836,https://www.openstreetmap.org/node/3158291836,kassir,https://krs.kassir.ru/teatr/chto-sluchilos-s-radugoy,Что случилось с радугой?,25 апреля 11:00 сб,2026-04-23T08:01:45Z
kassir:krs:teatr:s-mamoy-ne-shutyat,С мамой не шутят,theatre,theatre,Дом Актера (Красноярск),2026-05-01T14:00:00+07:00,2026-05-01T16:30:00+07:00,exact,1.08,Дом актера,theatre,"660000, Красноярск, улица Бограда",Центральный район,56.0087597,92.8756067,node,3158291836,https://www.openstreetmap.org/node/3158291836,kassir,https://krs.kassir.ru/teatr/s-mamoy-ne-shutyat,С мамой не шутят,1 мая 14:00 пт,2026-04-23T08:01:45Z
kassir:krs:teatr:vladivostok-moskva,Владивосток-Москва,theatre,theatre,Дом Актера (Красноярск),2026-05-27T19:00:00+07:00,2026-05-27T21:30:00+07:00,exact,1.08,Дом актера,theatre,"660000, Красноярск, улица Бограда",Центральный район,56.0087597,92.8756067,node,3158291836,https://www.openstreetmap.org/node/3158291836,kassir,https://krs.kassir.ru/teatr/vladivostok-moskva,Владивосток-Москва,27 мая 19:00 ср,2026-04-23T08:01:45Z
kassir:krs:teatr:dva-muja-po-odnoy-tsene,Два мужа по цене одного,theatre,theatre,Дом Актера (Красноярск),,,exact,1.08,Дом актера,theatre,"660000, Красноярск, улица Бограда",Центральный район,56.0087597,92.8756067,node,3158291836,https://www.openstreetmap.org/node/3158291836,kassir,https://krs.kassir.ru/teatr/dva-muja-po-odnoy-tsene,Два мужа по цене одного,апрель – май,2026-04-23T08:01:45Z
kassir:krs:teatr:ya-babushka-iliko-i-illarion-8,"Я, бабушка, Илико и Илларион",theatre,theatre,Красноярский драмтеатр им. А.С. Пушкина,,,fuzzy,0.8617,Красноярский драматический театр имени А. С. Пушкина,theatre,"660049, проспект Мира, 73",Центральный район,56.0113314,92.8655873,way,66007532,https://www.openstreetmap.org/way/66007532,kassir,https://krs.kassir.ru/teatr/ya-babushka-iliko-i-illarion-8,"Я, бабушка, Илико и Илларион",апрель – июнь,2026-04-23T08:01:45Z
kassir:krs:teatr:salon-krasotyi-ili-o-chem-govoryat-jenschinyi-11,"Салон красоты, или о чем говорят женщины",theatre,theatre,Дом Актера (Красноярск),2026-05-31T00:00:00+07:00,,exact,1.08,Дом актера,theatre,"660000, Красноярск, улица Бограда",Центральный район,56.0087597,92.8756067,node,3158291836,https://www.openstreetmap.org/node/3158291836,kassir,https://krs.kassir.ru/teatr/salon-krasotyi-ili-o-chem-govoryat-jenschinyi-11,"Салон красоты, или о чем говорят женщины","15 , 31 мая",2026-04-23T08:01:45Z
kassir:krs:teatr:jenitba,Женитьба,theatre,theatre,Красноярский драмтеатр им. А.С. Пушкина,,,fuzzy,0.8617,Красноярский драматический театр имени А. С. Пушкина,theatre,"660049, проспект Мира, 73",Центральный район,56.0113314,92.8655873,way,66007532,https://www.openstreetmap.org/way/66007532,kassir,https://krs.kassir.ru/teatr/jenitba,Женитьба,апрель – июнь,2026-04-23T08:01:45Z
kassir:krs:teatr:vremya-jenschin-2,Время женщин,theatre,theatre,Красноярский драмтеатр им. А.С. Пушкина,,,fuzzy,0.8617,Красноярский драматический театр имени А. С. Пушкина,theatre,"660049, проспект Мира, 73",Центральный район,56.0113314,92.8655873,way,66007532,https://www.openstreetmap.org/way/66007532,kassir,https://krs.kassir.ru/teatr/vremya-jenschin-2,Время женщин,апрель – июнь,2026-04-23T08:01:45Z
kassir:krs:teatr:zverskiy-detektiv_2026-04-26,Зверский детектив,theatre,"kids, theatre",Красноярский драмтеатр им. А.С. Пушкина,2026-04-26T11:00:00+07:00,2026-04-26T13:30:00+07:00,fuzzy,0.8617,Красноярский драматический театр имени А. С. Пушкина,theatre,"660049, проспект Мира, 73",Центральный район,56.0113314,92.8655873,way,66007532,https://www.openstreetmap.org/way/66007532,kassir,https://krs.kassir.ru/teatr/teatr-imeni-as-pushkina/zverskiy-detektiv_2026-04-26,Зверский детектив,26 апреля 11:00 вс,2026-04-23T08:01:45Z
kassir:krs:teatr:yo-moyo,Ё-моё,theatre,theatre,Дом Актера (Красноярск),2026-05-10T17:00:00+07:00,2026-05-10T19:30:00+07:00,exact,1.08,Дом актера,theatre,"660000, Красноярск, улица Бограда",Центральный район,56.0087597,92.8756067,node,3158291836,https://www.openstreetmap.org/node/3158291836,kassir,https://krs.kassir.ru/teatr/yo-moyo,Ё-моё,10 мая 17:00 вс,2026-04-23T08:01:45Z
kassir:krs:teatr:razgovor-s-angelom-za-sekundu-do-probujdeniya,Разговор с ангелом за секунду до пробуждения,theatre,theatre,Дом Актера (Красноярск),2026-04-27T19:00:00+07:00,2026-04-27T21:30:00+07:00,exact,1.08,Дом актера,theatre,"660000, Красноярск, улица Бограда",Центральный район,56.0087597,92.8756067,node,3158291836,https://www.openstreetmap.org/node/3158291836,kassir,https://krs.kassir.ru/teatr/razgovor-s-angelom-za-sekundu-do-probujdeniya,Разговор с ангелом за секунду до пробуждения,27 апреля 19:00 пн,2026-04-23T08:01:45Z
kassir:krs:festivali:vesennie-horovyie-kapellyi,Весенние хоровые капеллы,other,,Красноярский государственный театр оперы и балета,2026-05-24T18:00:00+07:00,2026-05-24T20:30:00+07:00,exact,1.16,Красноярский государственный театр оперы и балета,theatre,"660049, улица Перенсона, 2",Центральный район,56.0086563,92.868386,way,172602508,https://www.openstreetmap.org/way/172602508,kassir,https://krs.kassir.ru/festivali/vesennie-horovyie-kapellyi,Весенние хоровые капеллы,24 мая 18:00 вс,2026-04-23T08:01:45Z
kassir:krs:teatr:master-i-margarita_2026-06-03,Мастер и Маргарита,theatre,theatre,Красноярский драмтеатр им. А.С. Пушкина,2026-06-03T19:00:00+07:00,2026-06-03T21:30:00+07:00,fuzzy,0.8617,Красноярский драматический театр имени А. С. Пушкина,theatre,"660049, проспект Мира, 73",Центральный район,56.0113314,92.8655873,way,66007532,https://www.openstreetmap.org/way/66007532,kassir,https://krs.kassir.ru/teatr/teatr-imeni-as-pushkina/master-i-margarita_2026-06-03,Мастер и Маргарита,3 июня 19:00 ср,2026-04-23T08:01:45Z
kassir:krs:teatr:podarok-sudbyi_2026-06-03,Подарок судьбы,theatre,theatre,Красноярский драмтеатр им. А.С. Пушкина,2026-06-03T19:00:00+07:00,2026-06-03T21:30:00+07:00,fuzzy,0.8617,Красноярский драматический театр имени А. С. Пушкина,theatre,"660049, проспект Мира, 73",Центральный район,56.0113314,92.8655873,way,66007532,https://www.openstreetmap.org/way/66007532,kassir,https://krs.kassir.ru/teatr/teatr-imeni-as-pushkina/podarok-sudbyi_2026-06-03,Подарок судьбы,3 июня 19:00 ср,2026-04-23T08:01:45Z
kassir:krs:teatr:severnyie-ptitsyi_2026-06-02,Северные птицы,theatre,theatre,Красноярский драмтеатр им. А.С. Пушкина,2026-06-02T19:00:00+07:00,2026-06-02T21:30:00+07:00,fuzzy,0.8617,Красноярский драматический театр имени А. С. Пушкина,theatre,"660049, проспект Мира, 73",Центральный район,56.0113314,92.8655873,way,66007532,https://www.openstreetmap.org/way/66007532,kassir,https://krs.kassir.ru/teatr/teatr-imeni-as-pushkina/severnyie-ptitsyi_2026-06-02,Северные птицы,2 июня 19:00 вт,2026-04-23T08:01:45Z
kassir:krs:teatr:loj_2026-06-02,ЛОЖЬ!,theatre,theatre,Дом Актера (Красноярск),2026-06-02T19:00:00+07:00,2026-06-02T21:30:00+07:00,exact,1.08,Дом актера,theatre,"660000, Красноярск, улица Бограда",Центральный район,56.0087597,92.8756067,node,3158291836,https://www.openstreetmap.org/node/3158291836,kassir,https://krs.kassir.ru/teatr/dom-aktera-2/loj_2026-06-02,ЛОЖЬ!,2 июня 19:00 вт,2026-04-23T08:01:45Z
kassir:krs:detyam:fokusyi-pokusyi,Фокусы-покусы,kids,kids,Дом Актера (Красноярск),2026-04-26T11:00:00+07:00,2026-04-26T13:30:00+07:00,exact,1.08,Дом актера,theatre,"660000, Красноярск, улица Бограда",Центральный район,56.0087597,92.8756067,node,3158291836,https://www.openstreetmap.org/node/3158291836,kassir,https://krs.kassir.ru/detyam/fokusyi-pokusyi,Фокусы-покусы,26 апреля 11:00 вс,2026-04-23T08:01:45Z
kassir:krs:teatr:istoriya-neveroyatnoy-drujbyi,История невероятной дружбы,theatre,theatre,Красноярский драмтеатр им. А.С. Пушкина,,,fuzzy,0.8617,Красноярский драматический театр имени А. С. Пушкина,theatre,"660049, проспект Мира, 73",Центральный район,56.0113314,92.8655873,way,66007532,https://www.openstreetmap.org/way/66007532,kassir,https://krs.kassir.ru/teatr/istoriya-neveroyatnoy-drujbyi,История невероятной дружбы,май – июнь,2026-04-23T08:01:45Z
kassir:krs:detyam:kvest-shkola-volshebnikov-v-hogvartse-1,Квест-Школа Волшебников в Хогвартсе,kids,kids,ХогвартсХолл,,,exact,1.08,Хогвартс Холл,museum,"660032, Красноярск, улица Белинского",Взлётка,56.0197149,92.9012232,node,11843540153,https://www.openstreetmap.org/node/11843540153,kassir,https://krs.kassir.ru/detyam/kvest-shkola-volshebnikov-v-hogvartse-1,Квест-Школа Волшебников в Хогвартсе,апрель – декабрь,2026-04-23T08:01:45Z
kassir:krs:detyam:muzey---vyistavka-mir-garri-pottera,Музей Гарри Поттера,kids,kids,ХогвартсХолл,,,exact,1.08,Хогвартс Холл,museum,"660032, Красноярск, улица Белинского",Взлётка,56.0197149,92.9012232,node,11843540153,https://www.openstreetmap.org/node/11843540153,kassir,https://krs.kassir.ru/detyam/muzey---vyistavka-mir-garri-pottera,Музей Гарри Поттера,апрель – май,2026-04-23T08:01:45Z
kassir:krs:teatr:zolotaya-printsessa,Золотая принцесса,theatre,theatre,Красноярский государственный театр оперы и балета,2026-05-03T00:00:00+07:00,,exact,1.16,Красноярский государственный театр оперы и балета,theatre,"660049, улица Перенсона, 2",Центральный район,56.0086563,92.868386,way,172602508,https://www.openstreetmap.org/way/172602508,kassir,https://krs.kassir.ru/teatr/zolotaya-printsessa,Золотая принцесса,3 мая,2026-04-23T08:01:45Z
kassir:krs:teatr:chisto-semeynoe-delo-5,Чисто семейное дело,theatre,theatre,Красноярский драмтеатр им. А.С. Пушкина,2026-05-01T18:00:00+07:00,2026-05-01T20:30:00+07:00,fuzzy,0.8617,Красноярский драматический театр имени А. С. Пушкина,theatre,"660049, проспект Мира, 73",Центральный район,56.0113314,92.8655873,way,66007532,https://www.openstreetmap.org/way/66007532,kassir,https://krs.kassir.ru/teatr/chisto-semeynoe-delo-5,Чисто семейное дело,1 мая 18:00 пт,2026-04-23T08:07:39Z
kassir:krs:teatr:kapitanskaya-dochka-19,Капитанская дочка,theatre,theatre,Красноярский драмтеатр им. А.С. Пушкина,,,fuzzy,0.8617,Красноярский драматический театр имени А. С. Пушкина,theatre,"660049, проспект Мира, 73",Центральный район,56.0113314,92.8655873,way,66007532,https://www.openstreetmap.org/way/66007532,kassir,https://krs.kassir.ru/teatr/kapitanskaya-dochka-19,Капитанская дочка,апрель – май,2026-04-23T08:07:39Z
kassir:krs:teatr:a-sverhu-vsyo-vidno,А сверху всё видно,theatre,theatre,Красноярский драмтеатр им. А.С. Пушкина,2026-05-27T00:00:00+07:00,,fuzzy,0.8617,Красноярский драматический театр имени А. С. Пушкина,theatre,"660049, проспект Мира, 73",Центральный район,56.0113314,92.8655873,way,66007532,https://www.openstreetmap.org/way/66007532,kassir,https://krs.kassir.ru/teatr/a-sverhu-vsyo-vidno,А сверху всё видно,"12 , 27 мая",2026-04-23T08:07:39Z
kassir:krs:teatr:karmen-balet-9,Кармен. Балет,theatre,"ballet, dance, theatre",Красноярская краевая филармония,2026-06-25T19:00:00+07:00,2026-06-25T21:30:00+07:00,exact,1.13,Красноярская краевая филармония,arts_centre,"проспект Мира, 2Б",Центральный район,56.0124777,92.894712,way,60219525,https://www.openstreetmap.org/way/60219525,kassir,https://krs.kassir.ru/teatr/karmen-balet-9,Кармен. Балет,25 июня 19:00 чт,2026-04-23T08:07:39Z
kassir:krs:teatr:dvoynoy-obman,"Ну и семейка, или Двойной обман",theatre,theatre,Дом Актера (Красноярск),,,exact,1.08,Дом актера,theatre,"660000, Красноярск, улица Бограда",Центральный район,56.0087597,92.8756067,node,3158291836,https://www.openstreetmap.org/node/3158291836,kassir,https://krs.kassir.ru/teatr/dvoynoy-obman,"Ну и семейка, или Двойной обман",апрель – май,2026-04-23T08:07:39Z
kassir:krs:teatr:igra-v-gerakla-tk-petrushka-surgut,"Игра в Геракла (ТК ""Петрушка"", Сургут)",theatre,theatre,Красноярский музыкальный театр,2026-06-02T19:00:00+07:00,2026-06-02T21:30:00+07:00,exact,1.16,Красноярский музыкальный театр,theatre,"660021, проспект Мира, 129",Железнодорожный район,56.0096848,92.8357996,way,123906567,https://www.openstreetmap.org/way/123906567,kassir,https://krs.kassir.ru/teatr/igra-v-gerakla-tk-petrushka-surgut,"Игра в Геракла (ТК ""Петрушка"", Сургут)",2 июня 19:00 вт,2026-04-23T08:07:39Z
kassir:krs:teatr:yason-i-medeya-2,Ясон и Медея,theatre,theatre,Красноярский драмтеатр им. А.С. Пушкина,2026-05-11T20:00:00+07:00,2026-05-11T22:30:00+07:00,fuzzy,0.8617,Красноярский драматический театр имени А. С. Пушкина,theatre,"660049, проспект Мира, 73",Центральный район,56.0113314,92.8655873,way,66007532,https://www.openstreetmap.org/way/66007532,kassir,https://krs.kassir.ru/teatr/yason-i-medeya-2,Ясон и Медея,11 мая 20:00 пн,2026-04-23T08:07:39Z
kassir:krs:teatr:rozenkrants-gildenstern-mertvyi,Розенкранц и Гильденстерн мертвы,theatre,theatre,Красноярский драмтеатр им. А.С. Пушкина,2026-05-27T19:00:00+07:00,2026-05-27T21:30:00+07:00,fuzzy,0.8617,Красноярский драматический театр имени А. С. Пушкина,theatre,"660049, проспект Мира, 73",Центральный район,56.0113314,92.8655873,way,66007532,https://www.openstreetmap.org/way/66007532,kassir,https://krs.kassir.ru/teatr/rozenkrants-gildenstern-mertvyi,Розенкранц и Гильденстерн мертвы,27 мая 19:00 ср,2026-04-23T08:07:39Z
kassir:krs:teatr:moy-bednyiy-marat,Мой бедный Марат,theatre,theatre,Красноярский драмтеатр им. А.С. Пушкина,2026-05-09T18:00:00+07:00,2026-05-09T20:30:00+07:00,fuzzy,0.8617,Красноярский драматический театр имени А. С. Пушкина,theatre,"660049, проспект Мира, 73",Центральный район,56.0113314,92.8655873,way,66007532,https://www.openstreetmap.org/way/66007532,kassir,https://krs.kassir.ru/teatr/moy-bednyiy-marat,Мой бедный Марат,9 мая 18:00 сб,2026-04-23T08:07:39Z
kassir:krs:teatr:opasnyie-svyazi-6,Опасные связи,theatre,theatre,Красноярский драмтеатр им. А.С. Пушкина,2026-05-05T19:00:00+07:00,2026-05-05T21:30:00+07:00,fuzzy,0.8617,Красноярский драматический театр имени А. С. Пушкина,theatre,"660049, проспект Мира, 73",Центральный район,56.0113314,92.8655873,way,66007532,https://www.openstreetmap.org/way/66007532,kassir,https://krs.kassir.ru/teatr/opasnyie-svyazi-6,Опасные связи,5 мая 19:00 вт,2026-04-23T08:07:39Z
kassir:krs:teatr:zdes-zajigayut-zvezdyi,Здесь зажигают звезды,theatre,theatre,Красноярский государственный театр оперы и балета,2026-05-07T00:00:00+07:00,,exact,1.16,Красноярский государственный театр оперы и балета,theatre,"660049, улица Перенсона, 2",Центральный район,56.0086563,92.868386,way,172602508,https://www.openstreetmap.org/way/172602508,kassir,https://krs.kassir.ru/teatr/zdes-zajigayut-zvezdyi,Здесь зажигают звезды,"6 , 7 мая",2026-04-23T08:07:39Z
kassir:krs:teatr:gusarskaya-ballada,Гусарская баллада,theatre,theatre,Красноярский государственный театр оперы и балета,2026-05-15T00:00:00+07:00,,exact,1.16,Красноярский государственный театр оперы и балета,theatre,"660049, улица Перенсона, 2",Центральный район,56.0086563,92.868386,way,172602508,https://www.openstreetmap.org/way/172602508,kassir,https://krs.kassir.ru/teatr/gusarskaya-ballada,Гусарская баллада,15 – 17 мая,2026-04-23T08:07:39Z
kassir:krs:teatr:iolanta,Иоланта,theatre,theatre,Красноярский государственный театр оперы и балета,2026-04-29T19:00:00+07:00,2026-04-29T21:30:00+07:00,exact,1.16,Красноярский государственный театр оперы и балета,theatre,"660049, улица Перенсона, 2",Центральный район,56.0086563,92.868386,way,172602508,https://www.openstreetmap.org/way/172602508,kassir,https://krs.kassir.ru/teatr/iolanta,Иоланта,29 апреля 19:00 ср,2026-04-23T08:07:39Z
kassir:krs:teatr:zoykina-kvartira-ekaterinburgskiy-tk,Зойкина квартира (Екатеринбургский ТК),theatre,theatre,Красноярский драмтеатр им. А.С. Пушкина,2026-06-02T00:00:00+07:00,,fuzzy,0.8617,Красноярский драматический театр имени А. С. Пушкина,theatre,"660049, проспект Мира, 73",Центральный район,56.0113314,92.8655873,way,66007532,https://www.openstreetmap.org/way/66007532,kassir,https://krs.kassir.ru/teatr/zoykina-kvartira-ekaterinburgskiy-tk,Зойкина квартира (Екатеринбургский ТК),"1 , 2 июня",2026-04-23T08:07:39Z
kassir:krs:teatr:granatovyiy-braslet-5,Гранатовый браслет,theatre,theatre,Красноярский драмтеатр им. А.С. Пушкина,,,fuzzy,0.8617,Красноярский драматический театр имени А. С. Пушкина,theatre,"660049, проспект Мира, 73",Центральный район,56.0113314,92.8655873,way,66007532,https://www.openstreetmap.org/way/66007532,kassir,https://krs.kassir.ru/teatr/granatovyiy-braslet-5,Гранатовый браслет,май – июнь,2026-04-23T08:07:39Z
kassir:krs:teatr:bogema,Богема,theatre,theatre,Красноярский государственный театр оперы и балета,2026-04-28T19:00:00+07:00,2026-04-28T21:30:00+07:00,exact,1.16,Красноярский государственный театр оперы и балета,theatre,"660049, улица Перенсона, 2",Центральный район,56.0086563,92.868386,way,172602508,https://www.openstreetmap.org/way/172602508,kassir,https://krs.kassir.ru/teatr/bogema,Богема,28 апреля 19:00 вт,2026-04-23T08:07:39Z
kassir:krs:teatr:prodavets-dojdya-4,Продавец дождя,theatre,theatre,Красноярский драмтеатр им. А.С. Пушкина,2026-05-18T19:00:00+07:00,2026-05-18T21:30:00+07:00,fuzzy,0.8617,Красноярский драматический театр имени А. С. Пушкина,theatre,"660049, проспект Мира, 73",Центральный район,56.0113314,92.8655873,way,66007532,https://www.openstreetmap.org/way/66007532,kassir,https://krs.kassir.ru/teatr/prodavets-dojdya-4,Продавец дождя,18 мая 19:00 пн,2026-04-23T08:07:39Z
kassir:krs:teatr:pushkin,Пушкин,theatre,theatre,Красноярский государственный театр оперы и балета,,,exact,1.16,Красноярский государственный театр оперы и балета,theatre,"660049, улица Перенсона, 2",Центральный район,56.0086563,92.868386,way,172602508,https://www.openstreetmap.org/way/172602508,kassir,https://krs.kassir.ru/teatr/pushkin,Пушкин,май – июнь,2026-04-23T08:07:39Z
kassir:krs:teatr:anna-v-tropikah,Анна в тропиках,theatre,theatre,Красноярский драмтеатр им. А.С. Пушкина,2026-05-23T18:00:00+07:00,2026-05-23T20:30:00+07:00,fuzzy,0.8617,Красноярский драматический театр имени А. С. Пушкина,theatre,"660049, проспект Мира, 73",Центральный район,56.0113314,92.8655873,way,66007532,https://www.openstreetmap.org/way/66007532,kassir,https://krs.kassir.ru/teatr/anna-v-tropikah,Анна в тропиках,23 мая 18:00 сб,2026-04-23T08:07:39Z
kassir:krs:teatr:kodjinskie-perepalki-2,Кьоджинские перепалки,theatre,theatre,Красноярский драмтеатр им. А.С. Пушкина,,,fuzzy,0.8617,Красноярский драматический театр имени А. С. Пушкина,theatre,"660049, проспект Мира, 73",Центральный район,56.0113314,92.8655873,way,66007532,https://www.openstreetmap.org/way/66007532,kassir,https://krs.kassir.ru/teatr/kodjinskie-perepalki-2,Кьоджинские перепалки,май – июнь,2026-04-23T08:07:39Z
kassir:krs:teatr:macheha-samanishvili-1_2026-06-06,Мачеха Саманишвили,theatre,theatre,Красноярский драмтеатр им. А.С. Пушкина,2026-06-06T19:00:00+07:00,2026-06-06T21:30:00+07:00,fuzzy,0.8617,Красноярский драматический театр имени А. С. Пушкина,theatre,"660049, проспект Мира, 73",Центральный район,56.0113314,92.8655873,way,66007532,https://www.openstreetmap.org/way/66007532,kassir,https://krs.kassir.ru/teatr/teatr-imeni-as-pushkina/macheha-samanishvili-1_2026-06-06,Мачеха Саманишвили,6 июня 19:00 сб,2026-04-23T08:07:39Z
kassir:krs:teatr:maksim-averin,Максим Аверин,theatre,theatre,Красноярская краевая филармония,2026-09-29T19:00:00+07:00,2026-09-29T21:30:00+07:00,exact,1.08,Красноярская краевая филармония,arts_centre,"проспект Мира, 2Б",Центральный район,56.0124777,92.894712,way,60219525,https://www.openstreetmap.org/way/60219525,kassir,https://krs.kassir.ru/teatr/maksim-averin,Максим Аверин,29 сентября 19:00 вт,2026-04-23T08:07:39Z
kassir:krs:teatr:teve-molochnik_2026-06-04,Тевье-молочник,theatre,theatre,Красноярский драмтеатр им. А.С. Пушкина,2026-06-04T19:00:00+07:00,2026-06-04T21:30:00+07:00,fuzzy,0.8617,Красноярский драматический театр имени А. С. Пушкина,theatre,"660049, проспект Мира, 73",Центральный район,56.0113314,92.8655873,way,66007532,https://www.openstreetmap.org/way/66007532,kassir,https://krs.kassir.ru/teatr/teatr-imeni-as-pushkina/teve-molochnik_2026-06-04,Тевье-молочник,4 июня 19:00 чт,2026-04-23T08:07:39Z
kassir:krs:teatr:golodrantsyi-aristokratyi-1,Голодранцы-аристократы,theatre,theatre,Красноярский драмтеатр им. А.С. Пушкина,2026-05-29T19:00:00+07:00,2026-05-29T21:30:00+07:00,fuzzy,0.8617,Красноярский драматический театр имени А. С. Пушкина,theatre,"660049, проспект Мира, 73",Центральный район,56.0113314,92.8655873,way,66007532,https://www.openstreetmap.org/way/66007532,kassir,https://krs.kassir.ru/teatr/golodrantsyi-aristokratyi-1,Голодранцы-аристократы,29 мая 19:00 пт,2026-04-23T08:07:39Z
kassir:krs:teatr:irlandskiy-geroy_2026-06-05,Ирландский герой - гордость Запада,theatre,theatre,Красноярский драмтеатр им. А.С. Пушкина,2026-06-05T19:00:00+07:00,2026-06-05T21:30:00+07:00,fuzzy,0.8617,Красноярский драматический театр имени А. С. Пушкина,theatre,"660049, проспект Мира, 73",Центральный район,56.0113314,92.8655873,way,66007532,https://www.openstreetmap.org/way/66007532,kassir,https://krs.kassir.ru/teatr/teatr-imeni-as-pushkina/irlandskiy-geroy_2026-06-05,Ирландский герой - гордость Запада,5 июня 19:00 пт,2026-04-23T08:07:39Z
kassir:krs:teatr:pokrovskie-vorota-8,Покровские ворота,theatre,theatre,Красноярский драмтеатр им. А.С. Пушкина,2026-05-26T19:00:00+07:00,2026-05-26T21:30:00+07:00,fuzzy,0.8617,Красноярский драматический театр имени А. С. Пушкина,theatre,"660049, проспект Мира, 73",Центральный район,56.0113314,92.8655873,way,66007532,https://www.openstreetmap.org/way/66007532,kassir,https://krs.kassir.ru/teatr/pokrovskie-vorota-8,Покровские ворота,26 мая 19:00 вт,2026-04-23T08:07:39Z
kassir:krs:teatr:temnyie-allei-2,Темные аллеи,theatre,theatre,Красноярский драмтеатр им. А.С. Пушкина,2026-05-17T18:00:00+07:00,2026-05-17T20:30:00+07:00,fuzzy,0.8617,Красноярский драматический театр имени А. С. Пушкина,theatre,"660049, проспект Мира, 73",Центральный район,56.0113314,92.8655873,way,66007532,https://www.openstreetmap.org/way/66007532,kassir,https://krs.kassir.ru/teatr/temnyie-allei-2,Темные аллеи,17 мая 18:00 вс,2026-04-23T08:07:39Z
kassir:krs:teatr:gore-ot-uma-13,Горе от ума,theatre,theatre,Красноярский драмтеатр им. А.С. Пушкина,,,fuzzy,0.8617,Красноярский драматический театр имени А. С. Пушкина,theatre,"660049, проспект Мира, 73",Центральный район,56.0113314,92.8655873,way,66007532,https://www.openstreetmap.org/way/66007532,kassir,https://krs.kassir.ru/teatr/gore-ot-uma-13,Горе от ума,май – июнь,2026-04-23T08:07:39Z
kassir:krs:teatr:posledniy-poklon,Последний поклон,theatre,theatre,Красноярский государственный театр оперы и балета,2026-05-02T00:00:00+07:00,,exact,1.16,Красноярский государственный театр оперы и балета,theatre,"660049, улица Перенсона, 2",Центральный район,56.0086563,92.868386,way,172602508,https://www.openstreetmap.org/way/172602508,kassir,https://krs.kassir.ru/teatr/posledniy-poklon,Последний поклон,"1 , 2 мая",2026-04-23T08:07:39Z
kassir:krs:teatr:nochnoy-gost_2026-06-11,Ночной гость,theatre,theatre,Красноярская краевая филармония,2026-06-11T19:00:00+07:00,2026-06-11T21:30:00+07:00,exact,1.08,Красноярская краевая филармония,arts_centre,"проспект Мира, 2Б",Центральный район,56.0124777,92.894712,way,60219525,https://www.openstreetmap.org/way/60219525,kassir,https://krs.kassir.ru/teatr/krasnoyarskaya-kraevaya-filarmoniya-2017/nochnoy-gost_2026-06-11,Ночной гость,11 июня 19:00 чт,2026-04-23T08:07:39Z
kassir:krs:teatr:orfey-i-evridika-4,Орфей и Эвридика,theatre,theatre,Красноярский государственный театр оперы и балета,2026-06-10T19:00:00+07:00,2026-06-10T21:30:00+07:00,exact,1.16,Красноярский государственный театр оперы и балета,theatre,"660049, улица Перенсона, 2",Центральный район,56.0086563,92.868386,way,172602508,https://www.openstreetmap.org/way/172602508,kassir,https://krs.kassir.ru/teatr/orfey-i-evridika-4,Орфей и Эвридика,10 июня 19:00 ср,2026-04-23T08:07:39Z
kassir:krs:teatr:la-traviata,La Traviata,theatre,theatre,Красноярский государственный театр оперы и балета,2026-05-20T19:00:00+07:00,2026-05-20T21:30:00+07:00,exact,1.16,Красноярский государственный театр оперы и балета,theatre,"660049, улица Перенсона, 2",Центральный район,56.0086563,92.868386,way,172602508,https://www.openstreetmap.org/way/172602508,kassir,https://krs.kassir.ru/teatr/la-traviata,La Traviata,20 мая 19:00 ср,2026-04-23T08:07:39Z
kassir:krs:teatr:lebedinoe-ozero,Лебединое озеро,theatre,theatre,Красноярский государственный театр оперы и балета,,,exact,1.16,Красноярский государственный театр оперы и балета,theatre,"660049, улица Перенсона, 2",Центральный район,56.0086563,92.868386,way,172602508,https://www.openstreetmap.org/way/172602508,kassir,https://krs.kassir.ru/teatr/lebedinoe-ozero,Лебединое озеро,апрель – июнь,2026-04-23T08:07:39Z
kassir:krs:teatr:lyubovnyiy-napitok,Любовный напиток,theatre,theatre,Красноярский государственный театр оперы и балета,2026-05-27T19:00:00+07:00,2026-05-27T21:30:00+07:00,exact,1.16,Красноярский государственный театр оперы и балета,theatre,"660049, улица Перенсона, 2",Центральный район,56.0086563,92.868386,way,172602508,https://www.openstreetmap.org/way/172602508,kassir,https://krs.kassir.ru/teatr/lyubovnyiy-napitok,Любовный напиток,27 мая 19:00 ср,2026-04-23T08:07:39Z
kassir:krs:teatr:bespridannitsa-21,Бесприданница,theatre,theatre,Красноярский драмтеатр им. А.С. Пушкина,,,fuzzy,0.8617,Красноярский драматический театр имени А. С. Пушкина,theatre,"660049, проспект Мира, 73",Центральный район,56.0113314,92.8655873,way,66007532,https://www.openstreetmap.org/way/66007532,kassir,https://krs.kassir.ru/teatr/bespridannitsa-21,Бесприданница,май – июнь,2026-04-23T08:07:39Z
kassir:krs:teatr:turandot-16,Турандот,theatre,theatre,Красноярский государственный театр оперы и балета,2026-06-24T00:00:00+07:00,,exact,1.16,Красноярский государственный театр оперы и балета,theatre,"660049, улица Перенсона, 2",Центральный район,56.0086563,92.868386,way,172602508,https://www.openstreetmap.org/way/172602508,kassir,https://krs.kassir.ru/teatr/turandot-16,Турандот,"23 , 24 июня",2026-04-23T08:07:39Z
kassir:krs:teatr:slujebnyiy-roman-26,Служебный роман,theatre,theatre,Красноярский драмтеатр им. А.С. Пушкина,2026-06-24T00:00:00+07:00,,fuzzy,0.8617,Красноярский драматический театр имени А. С. Пушкина,theatre,"660049, проспект Мира, 73",Центральный район,56.0113314,92.8655873,way,66007532,https://www.openstreetmap.org/way/66007532,kassir,https://krs.kassir.ru/teatr/slujebnyiy-roman-26,Служебный роман,"11 , 24 июня",2026-04-23T08:07:39Z
kassir:krs:teatr:tea,Тэа,theatre,theatre,Красноярский государственный театр оперы и балета,2026-07-03T00:00:00+07:00,,exact,1.16,Красноярский государственный театр оперы и балета,theatre,"660049, улица Перенсона, 2",Центральный район,56.0086563,92.868386,way,172602508,https://www.openstreetmap.org/way/172602508,kassir,https://krs.kassir.ru/teatr/tea,Тэа,"2 , 3 июля",2026-04-23T08:07:39Z
kassir:krs:teatr:kulisyi,Кулисы,theatre,theatre,Красноярский драмтеатр им. А.С. Пушкина,2026-06-14T00:00:00+07:00,,fuzzy,0.8617,Красноярский драматический театр имени А. С. Пушкина,theatre,"660049, проспект Мира, 73",Центральный район,56.0113314,92.8655873,way,66007532,https://www.openstreetmap.org/way/66007532,kassir,https://krs.kassir.ru/teatr/kulisyi,Кулисы,14 июня,2026-04-23T08:07:39Z
kassir:krs:teatr:ischeznuvshiy-velosipedist-4,Исчезнувший велосипедист,theatre,theatre,Красноярский драмтеатр им. А.С. Пушкина,2026-06-23T00:00:00+07:00,,fuzzy,0.8617,Красноярский драматический театр имени А. С. Пушкина,theatre,"660049, проспект Мира, 73",Центральный район,56.0113314,92.8655873,way,66007532,https://www.openstreetmap.org/way/66007532,kassir,https://krs.kassir.ru/teatr/ischeznuvshiy-velosipedist-4,Исчезнувший велосипедист,"13 , 23 июня",2026-04-23T08:07:39Z
kassir:krs:teatr:skazka-panelnyih-domov,Сказка панельных домов,theatre,theatre,Красноярский драмтеатр им. А.С. Пушкина,,,fuzzy,0.8617,Красноярский драматический театр имени А. С. Пушкина,theatre,"660049, проспект Мира, 73",Центральный район,56.0113314,92.8655873,way,66007532,https://www.openstreetmap.org/way/66007532,kassir,https://krs.kassir.ru/teatr/skazka-panelnyih-domov,Сказка панельных домов,май – июнь,2026-04-23T08:07:39Z
kassir:krs:teatr:oblomov-3,Обломов,theatre,theatre,Красноярский драмтеатр им. А.С. Пушкина,,,fuzzy,0.8617,Красноярский драматический театр имени А. С. Пушкина,theatre,"660049, проспект Мира, 73",Центральный район,56.0113314,92.8655873,way,66007532,https://www.openstreetmap.org/way/66007532,kassir,https://krs.kassir.ru/teatr/oblomov-3,Обломов,май – июнь,2026-04-23T08:07:39Z
kassir:krs:teatr:drugaya-jizn_2026-11-11,Другая жизнь,theatre,theatre,Красноярская краевая филармония,2026-11-11T19:00:00+07:00,2026-11-11T21:30:00+07:00,exact,1.08,Красноярская краевая филармония,arts_centre,"проспект Мира, 2Б",Центральный район,56.0124777,92.894712,way,60219525,https://www.openstreetmap.org/way/60219525,kassir,https://krs.kassir.ru/teatr/krasnoyarskaya-kraevaya-filarmoniya-2017/drugaya-jizn_2026-11-11,Другая жизнь,11 ноября 19:00 ср,2026-04-23T08:07:39Z
kassir:krs:teatr:domino-3,Домино,theatre,theatre,Красноярский драмтеатр им. А.С. Пушкина,2026-05-15T19:00:00+07:00,2026-05-15T21:30:00+07:00,fuzzy,0.8617,Красноярский драматический театр имени А. С. Пушкина,theatre,"660049, проспект Мира, 73",Центральный район,56.0113314,92.8655873,way,66007532,https://www.openstreetmap.org/way/66007532,kassir,https://krs.kassir.ru/teatr/domino-3,Домино,15 мая 19:00 пт,2026-04-23T08:07:39Z
kassir:krs:teatr:dvadtsat-minut-s-angelom-9,Двадцать минут с ангелом,theatre,theatre,Красноярский драмтеатр им. А.С. Пушкина,,,fuzzy,0.8617,Красноярский драматический театр имени А. С. Пушкина,theatre,"660049, проспект Мира, 73",Центральный район,56.0113314,92.8655873,way,66007532,https://www.openstreetmap.org/way/66007532,kassir,https://krs.kassir.ru/teatr/dvadtsat-minut-s-angelom-9,Двадцать минут с ангелом,май – июнь,2026-04-23T08:07:39Z
kassir:krs:teatr:chelovek-iz-podolska-ktd-im-pushkina,Человек из Подольска,theatre,theatre,Красноярский драмтеатр им. А.С. Пушкина,,,fuzzy,0.8617,Красноярский драматический театр имени А. С. Пушкина,theatre,"660049, проспект Мира, 73",Центральный район,56.0113314,92.8655873,way,66007532,https://www.openstreetmap.org/way/66007532,kassir,https://krs.kassir.ru/teatr/chelovek-iz-podolska-ktd-im-pushkina,Человек из Подольска,май – июнь,2026-04-23T08:07:39Z
kassir:krs:teatr:per-gyunt,Пер Гюнт,theatre,theatre,Красноярский драмтеатр им. А.С. Пушкина,2026-06-09T20:00:00+07:00,2026-06-09T22:30:00+07:00,fuzzy,0.8617,Красноярский драматический театр имени А. С. Пушкина,theatre,"660049, проспект Мира, 73",Центральный район,56.0113314,92.8655873,way,66007532,https://www.openstreetmap.org/way/66007532,kassir,https://krs.kassir.ru/teatr/per-gyunt,Пер Гюнт,9 июня 20:00 вт,2026-04-23T08:07:39Z
kassir:krs:teatr:ya-takoe-derevo,Я такое дерево,theatre,theatre,Красноярский драмтеатр им. А.С. Пушкина,2026-06-14T18:00:00+07:00,2026-06-14T20:30:00+07:00,fuzzy,0.8617,Красноярский драматический театр имени А. С. Пушкина,theatre,"660049, проспект Мира, 73",Центральный район,56.0113314,92.8655873,way,66007532,https://www.openstreetmap.org/way/66007532,kassir,https://krs.kassir.ru/teatr/ya-takoe-derevo,Я такое дерево,14 июня 18:00 вс,2026-04-23T08:07:39Z
kassir:krs:teatr:myi-geroi-1,"Мы, герои",theatre,theatre,Красноярский драмтеатр им. А.С. Пушкина,2026-05-24T18:00:00+07:00,2026-05-24T20:30:00+07:00,fuzzy,0.8617,Красноярский драматический театр имени А. С. Пушкина,theatre,"660049, проспект Мира, 73",Центральный район,56.0113314,92.8655873,way,66007532,https://www.openstreetmap.org/way/66007532,kassir,https://krs.kassir.ru/teatr/myi-geroi-1,"Мы, герои",24 мая 18:00 вс,2026-04-23T08:07:39Z
kassir:krs:teatr:djek-6,Джек,theatre,theatre,Дом Актера (Красноярск),2026-05-13T19:00:00+07:00,2026-05-13T21:30:00+07:00,exact,1.08,Дом актера,theatre,"660000, Красноярск, улица Бограда",Центральный район,56.0087597,92.8756067,node,3158291836,https://www.openstreetmap.org/node/3158291836,kassir,https://krs.kassir.ru/teatr/djek-6,Джек,13 мая 19:00 ср,2026-04-23T08:07:39Z
kassir:krs:teatr:svadba-na-diete,Свадьба на диете,theatre,theatre,Дом Актера (Красноярск),,,exact,1.08,Дом актера,theatre,"660000, Красноярск, улица Бограда",Центральный район,56.0087597,92.8756067,node,3158291836,https://www.openstreetmap.org/node/3158291836,kassir,https://krs.kassir.ru/teatr/svadba-na-diete,Свадьба на диете,апрель – май,2026-04-23T08:07:39Z
kassir:krs:teatr:mokraya-kuritsa-a-ne-muj,"Мокрая курица, а не муж",theatre,theatre,Дом Актера (Красноярск),2026-05-23T14:00:00+07:00,2026-05-23T16:30:00+07:00,exact,1.08,Дом актера,theatre,"660000, Красноярск, улица Бограда",Центральный район,56.0087597,92.8756067,node,3158291836,https://www.openstreetmap.org/node/3158291836,kassir,https://krs.kassir.ru/teatr/mokraya-kuritsa-a-ne-muj,"Мокрая курица, а не муж",23 мая 14:00 сб,2026-04-23T08:07:39Z
kassir:krs:teatr:ne-prints-i-daje-ne-kon-pod-printsem,"Не принц, и даже не конь под принцем",theatre,theatre,Дом Актера (Красноярск),2026-05-25T19:00:00+07:00,2026-05-25T21:30:00+07:00,exact,1.08,Дом актера,theatre,"660000, Красноярск, улица Бограда",Центральный район,56.0087597,92.8756067,node,3158291836,https://www.openstreetmap.org/node/3158291836,kassir,https://krs.kassir.ru/teatr/ne-prints-i-daje-ne-kon-pod-printsem,"Не принц, и даже не конь под принцем",25 мая 19:00 пн,2026-04-23T08:07:39Z
kassir:krs:teatr:papa-na-vyirost,Папа на вырост,theatre,theatre,Дом Актера (Красноярск),2026-05-10T20:00:00+07:00,2026-05-10T22:30:00+07:00,exact,1.08,Дом актера,theatre,"660000, Красноярск, улица Бограда",Центральный район,56.0087597,92.8756067,node,3158291836,https://www.openstreetmap.org/node/3158291836,kassir,https://krs.kassir.ru/teatr/papa-na-vyirost,Папа на вырост,10 мая 20:00 вс,2026-04-23T08:07:39Z
kassir:krs:teatr:idealnaya-jenaili-illyuziya-obmana,Идеальная жена...или иллюзия обмана?,theatre,theatre,Дом Актера (Красноярск),2026-05-17T17:00:00+07:00,2026-05-17T19:30:00+07:00,exact,1.08,Дом актера,theatre,"660000, Красноярск, улица Бограда",Центральный район,56.0087597,92.8756067,node,3158291836,https://www.openstreetmap.org/node/3158291836,kassir,https://krs.kassir.ru/teatr/idealnaya-jenaili-illyuziya-obmana,Идеальная жена...или иллюзия обмана?,17 мая 17:00 вс,2026-04-23T08:07:39Z
kassir:krs:teatr:na-grani-1,На грани,theatre,theatre,Дом Актера (Красноярск),2026-05-02T14:30:00+07:00,2026-05-02T17:00:00+07:00,exact,1.08,Дом актера,theatre,"660000, Красноярск, улица Бограда",Центральный район,56.0087597,92.8756067,node,3158291836,https://www.openstreetmap.org/node/3158291836,kassir,https://krs.kassir.ru/teatr/na-grani-1,На грани,2 мая 14:30 сб,2026-04-23T08:07:39Z
kassir:krs:teatr:morin-huur-mongolskiy-tk,Морин хуур (Монгольский ТК),theatre,theatre,Красноярский государственный театр оперы и балета,2026-06-02T20:00:00+07:00,2026-06-02T22:30:00+07:00,exact,1.16,Красноярский государственный театр оперы и балета,theatre,"660049, улица Перенсона, 2",Центральный район,56.0086563,92.868386,way,172602508,https://www.openstreetmap.org/way/172602508,kassir,https://krs.kassir.ru/teatr/morin-huur-mongolskiy-tk,Морин хуур (Монгольский ТК),2 июня 20:00 вт,2026-04-23T08:07:39Z
kassir:krs:teatr:i-hochetsya-i-koletsya-i-mama-ne-velit,"И хочется, и колется, и мама не велит",theatre,theatre,Дом Актера (Красноярск),2026-05-08T19:00:00+07:00,2026-05-08T21:30:00+07:00,exact,1.08,Дом актера,theatre,"660000, Красноярск, улица Бограда",Центральный район,56.0087597,92.8756067,node,3158291836,https://www.openstreetmap.org/node/3158291836,kassir,https://krs.kassir.ru/teatr/i-hochetsya-i-koletsya-i-mama-ne-velit,"И хочется, и колется, и мама не велит",8 мая 19:00 пт,2026-04-23T08:07:39Z
kassir:krs:teatr:stolik-na-troih,Столик на троих,theatre,theatre,Дом Актера (Красноярск),2026-05-22T00:00:00+07:00,,exact,1.08,Дом актера,theatre,"660000, Красноярск, улица Бограда",Центральный район,56.0087597,92.8756067,node,3158291836,https://www.openstreetmap.org/node/3158291836,kassir,https://krs.kassir.ru/teatr/stolik-na-troih,Столик на троих,"14 , 22 мая",2026-04-23T08:07:39Z
kassir:krs:teatr:mne-chay-i-viski-s-koloy_2026-05-06,Мне чай и виски с колой,theatre,theatre,Дом Актера (Красноярск),2026-05-06T19:00:00+07:00,2026-05-06T21:30:00+07:00,exact,1.08,Дом актера,theatre,"660000, Красноярск, улица Бограда",Центральный район,56.0087597,92.8756067,node,3158291836,https://www.openstreetmap.org/node/3158291836,kassir,https://krs.kassir.ru/teatr/dom-aktera-2/mne-chay-i-viski-s-koloy_2026-05-06,Мне чай и виски с колой,6 мая 19:00 ср,2026-04-23T08:07:39Z
kassir:krs:teatr:fam-fatal-ili-pravda-rasskazannaya-jenschinami,"Фам фаталь, или Правда, рассказанная женщинами",theatre,theatre,Дом Актера (Красноярск),2026-05-30T20:00:00+07:00,2026-05-30T22:30:00+07:00,exact,1.08,Дом актера,theatre,"660000, Красноярск, улица Бограда",Центральный район,56.0087597,92.8756067,node,3158291836,https://www.openstreetmap.org/node/3158291836,kassir,https://krs.kassir.ru/teatr/fam-fatal-ili-pravda-rasskazannaya-jenschinami,"Фам фаталь, или Правда, рассказанная женщинами",30 мая 20:00 сб,2026-04-23T08:07:39Z
kassir:krs:teatr:ochen-opasnoe-meropriyatie-1,"Ставьте чайник, или очень опасное мероприятие",theatre,theatre,Дом Актера (Красноярск),2026-05-01T20:00:00+07:00,2026-05-01T22:30:00+07:00,exact,1.08,Дом актера,theatre,"660000, Красноярск, улица Бограда",Центральный район,56.0087597,92.8756067,node,3158291836,https://www.openstreetmap.org/node/3158291836,kassir,https://krs.kassir.ru/teatr/ochen-opasnoe-meropriyatie-1,"Ставьте чайник, или очень опасное мероприятие",1 мая 20:00 пт,2026-04-23T08:07:39Z
kassir:krs:teatr:ya-tebya-lyublyu,Я тебя люблю,theatre,theatre,Дом Актера (Красноярск),2026-05-03T20:00:00+07:00,2026-05-03T22:30:00+07:00,exact,1.08,Дом актера,theatre,"660000, Красноярск, улица Бограда",Центральный район,56.0087597,92.8756067,node,3158291836,https://www.openstreetmap.org/node/3158291836,kassir,https://krs.kassir.ru/teatr/ya-tebya-lyublyu,Я тебя люблю,3 мая 20:00 вс,2026-04-23T08:07:39Z
kassir:krs:teatr:den-schastya-odin-prekrasnyiy-den,День счастья (Один прекрасный день),theatre,theatre,Дом Актера (Красноярск),2026-05-02T20:30:00+07:00,2026-05-02T23:00:00+07:00,exact,1.08,Дом актера,theatre,"660000, Красноярск, улица Бограда",Центральный район,56.0087597,92.8756067,node,3158291836,https://www.openstreetmap.org/node/3158291836,kassir,https://krs.kassir.ru/teatr/den-schastya-odin-prekrasnyiy-den,День счастья (Один прекрасный день),2 мая 20:30 сб,2026-04-23T08:07:39Z
kassir:krs:teatr:devyanosto-na-denyanosto,Девяносто на девяносто,theatre,theatre,Дом Актера (Красноярск),2026-05-09T18:00:00+07:00,2026-05-09T20:30:00+07:00,exact,1.08,Дом актера,theatre,"660000, Красноярск, улица Бограда",Центральный район,56.0087597,92.8756067,node,3158291836,https://www.openstreetmap.org/node/3158291836,kassir,https://krs.kassir.ru/teatr/devyanosto-na-denyanosto,Девяносто на девяносто,9 мая 18:00 сб,2026-04-23T08:07:39Z
kassir:krs:teatr:dom-vverh-dnom-ili-chetvero-pod-odeyalom-ne-schitaya-slujanki_2026-05-23,"Дом вверх дном, или Четверо под одеялом, не считая служанки",theatre,theatre,Дом Актера (Красноярск),2026-05-23T17:00:00+07:00,2026-05-23T19:30:00+07:00,exact,1.08,Дом актера,theatre,"660000, Красноярск, улица Бограда",Центральный район,56.0087597,92.8756067,node,3158291836,https://www.openstreetmap.org/node/3158291836,kassir,https://krs.kassir.ru/teatr/dom-aktera-2/dom-vverh-dnom-ili-chetvero-pod-odeyalom-ne-schitaya-slujanki_2026-05-23,"Дом вверх дном, или Четверо под одеялом, не считая служанки",23 мая 17:00 сб,2026-04-23T08:07:39Z
kassir:krs:teatr:kakoy-idiotizm-roditsya-jenschinoy,Какой идиотизм родиться женщиной,theatre,theatre,Дом Актера (Красноярск),2026-04-23T19:00:00+07:00,2026-04-23T21:30:00+07:00,exact,1.08,Дом актера,theatre,"660000, Красноярск, улица Бограда",Центральный район,56.0087597,92.8756067,node,3158291836,https://www.openstreetmap.org/node/3158291836,kassir,https://krs.kassir.ru/teatr/kakoy-idiotizm-roditsya-jenschinoy,Какой идиотизм родиться женщиной,23 апреля 19:00 чт,2026-04-23T08:07:39Z
kassir:krs:teatr:nash-syin-babnik,Наш сын – бабник,theatre,theatre,Дом Актера (Красноярск),2026-04-29T19:00:00+07:00,2026-04-29T21:30:00+07:00,exact,1.08,Дом актера,theatre,"660000, Красноярск, улица Бограда",Центральный район,56.0087597,92.8756067,node,3158291836,https://www.openstreetmap.org/node/3158291836,kassir,https://krs.kassir.ru/teatr/nash-syin-babnik,Наш сын – бабник,29 апреля 19:00 ср,2026-04-23T08:07:39Z
kassir:krs:teatr:lyubov-bez-pafosa,Любовь. Без пафоса!,theatre,theatre,Красноярский драмтеатр им. А.С. Пушкина,2026-06-15T19:00:00+07:00,2026-06-15T21:30:00+07:00,fuzzy,0.8617,Красноярский драматический театр имени А. С. Пушкина,theatre,"660049, проспект Мира, 73",Центральный район,56.0113314,92.8655873,way,66007532,https://www.openstreetmap.org/way/66007532,kassir,https://krs.kassir.ru/teatr/lyubov-bez-pafosa,Любовь. Без пафоса!,15 июня 19:00 пн,2026-04-23T08:07:39Z
kassir:krs:teatr:loj_2026-05-04,ЛОЖЬ!,theatre,theatre,Дом Актера (Красноярск),2026-05-04T19:00:00+07:00,2026-05-04T21:30:00+07:00,exact,1.08,Дом актера,theatre,"660000, Красноярск, улица Бограда",Центральный район,56.0087597,92.8756067,node,3158291836,https://www.openstreetmap.org/node/3158291836,kassir,https://krs.kassir.ru/teatr/dom-aktera-2/loj_2026-05-04,ЛОЖЬ!,4 мая 19:00 пн,2026-04-23T08:07:39Z
kassir:krs:teatr:djeyn-ostin-na-bolote,Джейн Остин на болоте,theatre,theatre,Красноярский драмтеатр им. А.С. Пушкина,2026-06-12T00:00:00+07:00,,fuzzy,0.8617,Красноярский драматический театр имени А. С. Пушкина,theatre,"660049, проспект Мира, 73",Центральный район,56.0113314,92.8655873,way,66007532,https://www.openstreetmap.org/way/66007532,kassir,https://krs.kassir.ru/teatr/djeyn-ostin-na-bolote,Джейн Остин на болоте,12 июня,2026-04-23T08:07:39Z
kassir:krs:teatr:volshebnyiy-mir-zakulisya-1,Волшебный мир закулисья,theatre,theatre,Красноярский драмтеатр им. А.С. Пушкина,,,fuzzy,0.8617,Красноярский драматический театр имени А. С. Пушкина,theatre,"660049, проспект Мира, 73",Центральный район,56.0113314,92.8655873,way,66007532,https://www.openstreetmap.org/way/66007532,kassir,https://krs.kassir.ru/teatr/volshebnyiy-mir-zakulisya-1,Волшебный мир закулисья,апрель – май,2026-04-23T08:07:39Z
kassir:krs:teatr:dialog-s-kinovedom-teatr-v-kadre,Диалог с киноведом: театр в кадре,theatre,theatre,Красноярский драмтеатр им. А.С. Пушкина,2026-04-24T19:00:00+07:00,2026-04-24T21:30:00+07:00,fuzzy,0.9817,Красноярский драматический театр имени А. С. Пушкина,theatre,"660049, проспект Мира, 73",Центральный район,56.0113314,92.8655873,way,66007532,https://www.openstreetmap.org/way/66007532,kassir,https://krs.kassir.ru/teatr/dialog-s-kinovedom-teatr-v-kadre,Диалог с киноведом: театр в кадре,24 апреля 19:00 пт,2026-04-23T08:07:39Z
kassir:krs:teatr:metel,Метель,theatre,theatre,Красноярский драмтеатр им. А.С. Пушкина,,,fuzzy,0.8617,Красноярский драматический театр имени А. С. Пушкина,theatre,"660049, проспект Мира, 73",Центральный район,56.0113314,92.8655873,way,66007532,https://www.openstreetmap.org/way/66007532,kassir,https://krs.kassir.ru/teatr/metel,Метель,май – июнь,2026-04-23T08:07:39Z
kassir:krs:teatr:lyubit-na-voyne,Любить на войне,theatre,theatre,Красноярский государственный театр оперы и балета,2026-05-10T00:00:00+07:00,,exact,1.16,Красноярский государственный театр оперы и балета,theatre,"660049, улица Перенсона, 2",Центральный район,56.0086563,92.868386,way,172602508,https://www.openstreetmap.org/way/172602508,kassir,https://krs.kassir.ru/teatr/lyubit-na-voyne,Любить на войне,"9 , 10 мая",2026-04-23T08:07:39Z
kassir:krs:teatr:ermak,Ермак,theatre,theatre,Красноярский государственный театр оперы и балета,2026-05-31T18:00:00+07:00,2026-05-31T20:30:00+07:00,exact,1.16,Красноярский государственный театр оперы и балета,theatre,"660049, улица Перенсона, 2",Центральный район,56.0086563,92.868386,way,172602508,https://www.openstreetmap.org/way/172602508,kassir,https://krs.kassir.ru/teatr/ermak,Ермак,31 мая 18:00 вс,2026-04-23T08:07:39Z
kassir:krs:teatr:masterskie-krasopera,Мастерские krasOpera,theatre,theatre,Красноярский государственный театр оперы и балета,2026-05-14T00:00:00+07:00,,exact,1.16,Красноярский государственный театр оперы и балета,theatre,"660049, улица Перенсона, 2",Центральный район,56.0086563,92.868386,way,172602508,https://www.openstreetmap.org/way/172602508,kassir,https://krs.kassir.ru/teatr/masterskie-krasopera,Мастерские krasOpera,14 – 29 мая,2026-04-23T08:07:39Z
kassir:krs:teatr:pikovaya-dama,Пиковая дама,theatre,theatre,Красноярский государственный театр оперы и балета,2026-06-17T00:00:00+07:00,,exact,1.16,Красноярский государственный театр оперы и балета,theatre,"660049, улица Перенсона, 2",Центральный район,56.0086563,92.868386,way,172602508,https://www.openstreetmap.org/way/172602508,kassir,https://krs.kassir.ru/teatr/pikovaya-dama,Пиковая дама,"16 , 17 июня",2026-04-23T08:07:39Z
kassir:krs:teatr:hojdenie-po-mukam,Хождение по мукам: Сестры,theatre,theatre,Красноярский драмтеатр им. А.С. Пушкина,2026-05-03T18:00:00+07:00,2026-05-03T20:30:00+07:00,fuzzy,0.8617,Красноярский драматический театр имени А. С. Пушкина,theatre,"660049, проспект Мира, 73",Центральный район,56.0113314,92.8655873,way,66007532,https://www.openstreetmap.org/way/66007532,kassir,https://krs.kassir.ru/teatr/hojdenie-po-mukam,Хождение по мукам: Сестры,3 мая 18:00 вс,2026-04-23T08:07:39Z
kassir:krs:teatr:vkrasnoy-shapochke,VКрасной шапочке,theatre,theatre,Красноярский государственный театр оперы и балета,2026-06-07T00:00:00+07:00,,exact,1.16,Красноярский государственный театр оперы и балета,theatre,"660049, улица Перенсона, 2",Центральный район,56.0086563,92.868386,way,172602508,https://www.openstreetmap.org/way/172602508,kassir,https://krs.kassir.ru/teatr/vkrasnoy-shapochke,VКрасной шапочке,7 июня,2026-04-23T08:07:39Z
kassir:krs:teatr:balet-romeo-i-djuletta,Ромео и Джульетта,theatre,theatre,Красноярский государственный театр оперы и балета,2026-05-28T18:00:00+07:00,2026-05-28T20:30:00+07:00,exact,1.16,Красноярский государственный театр оперы и балета,theatre,"660049, улица Перенсона, 2",Центральный район,56.0086563,92.868386,way,172602508,https://www.openstreetmap.org/way/172602508,kassir,https://krs.kassir.ru/teatr/balet-romeo-i-djuletta,Ромео и Джульетта,28 мая 18:00 чт,2026-04-23T08:07:39Z
kassir:krs:teatr:koshkin-dom-19,Кошкин дом,theatre,theatre,Красноярский государственный театр оперы и балета,2026-06-13T00:00:00+07:00,,exact,1.16,Красноярский государственный театр оперы и балета,theatre,"660049, улица Перенсона, 2",Центральный район,56.0086563,92.868386,way,172602508,https://www.openstreetmap.org/way/172602508,kassir,https://krs.kassir.ru/teatr/koshkin-dom-19,Кошкин дом,13 июня,2026-04-23T08:07:39Z
kassir:krs:teatr:prestuplenie-i-nakazanie-14,Преступление и наказание,theatre,theatre,Красноярский драмтеатр им. А.С. Пушкина,,,fuzzy,0.8617,Красноярский драматический театр имени А. С. Пушкина,theatre,"660049, проспект Мира, 73",Центральный район,56.0113314,92.8655873,way,66007532,https://www.openstreetmap.org/way/66007532,kassir,https://krs.kassir.ru/teatr/prestuplenie-i-nakazanie-14,Преступление и наказание,апрель – июнь,2026-04-23T08:07:39Z
kassir:krs:teatr:xii-noch-ili-kak-vam-budet-ugodno,"XII ночь, или Как вам будет угодно",theatre,"kids, theatre",Красноярский драмтеатр им. А.С. Пушкина,2026-05-15T19:00:00+07:00,2026-05-15T21:30:00+07:00,fuzzy,0.8617,Красноярский драматический театр имени А. С. Пушкина,theatre,"660049, проспект Мира, 73",Центральный район,56.0113314,92.8655873,way,66007532,https://www.openstreetmap.org/way/66007532,kassir,https://krs.kassir.ru/teatr/xii-noch-ili-kak-vam-budet-ugodno,"XII ночь, или Как вам будет угодно",15 мая 19:00 пт,2026-04-23T08:07:39Z
kassir:krs:teatr:dve-sestryi-3,Две сестры,theatre,theatre,Красноярский драмтеатр им. А.С. Пушкина,2026-06-07T18:00:00+07:00,2026-06-07T20:30:00+07:00,fuzzy,0.8617,Красноярский драматический театр имени А. С. Пушкина,theatre,"660049, проспект Мира, 73",Центральный район,56.0113314,92.8655873,way,66007532,https://www.openstreetmap.org/way/66007532,kassir,https://krs.kassir.ru/teatr/dve-sestryi-3,Две сестры,7 июня 18:00 вс,2026-04-23T08:07:39Z
kassir:krs:teatr:samoubiytsa-9,Самоубийца,theatre,theatre,Красноярский драмтеатр им. А.С. Пушкина,2026-06-12T18:00:00+07:00,2026-06-12T20:30:00+07:00,fuzzy,0.8617,Красноярский драматический театр имени А. С. Пушкина,theatre,"660049, проспект Мира, 73",Центральный район,56.0113314,92.8655873,way,66007532,https://www.openstreetmap.org/way/66007532,kassir,https://krs.kassir.ru/teatr/samoubiytsa-9,Самоубийца,12 июня 18:00 пт,2026-04-23T08:07:39Z
kassir:krs:teatr:les-18,Лес,theatre,theatre,Красноярский драмтеатр им. А.С. Пушкина,2026-06-13T17:00:00+07:00,2026-06-13T19:30:00+07:00,fuzzy,0.8617,Красноярский драматический театр имени А. С. Пушкина,theatre,"660049, проспект Мира, 73",Центральный район,56.0113314,92.8655873,way,66007532,https://www.openstreetmap.org/way/66007532,kassir,https://krs.kassir.ru/teatr/les-18,Лес,13 июня 17:00 сб,2026-04-23T08:07:39Z
kassir:krs:teatr:zemlya-elzyi-10,Земля Эльзы,theatre,theatre,Красноярский драмтеатр им. А.С. Пушкина,,,fuzzy,0.8617,Красноярский драматический театр имени А. С. Пушкина,theatre,"660049, проспект Мира, 73",Центральный район,56.0113314,92.8655873,way,66007532,https://www.openstreetmap.org/way/66007532,kassir,https://krs.kassir.ru/teatr/zemlya-elzyi-10,Земля Эльзы,май – июнь,2026-04-23T08:07:39Z
kassir:krs:teatr:nojnitsyi-3,Ножницы,theatre,theatre,Красноярский драмтеатр им. А.С. Пушкина,,,fuzzy,0.8617,Красноярский драматический театр имени А. С. Пушкина,theatre,"660049, проспект Мира, 73",Центральный район,56.0113314,92.8655873,way,66007532,https://www.openstreetmap.org/way/66007532,kassir,https://krs.kassir.ru/teatr/nojnitsyi-3,Ножницы,май – июнь,2026-04-23T08:07:39Z
kassir:krs:teatr:macheha-samanishvili_2026-06-06,Мачеха Саманишвили,theatre,theatre,Красноярский драмтеатр им. А.С. Пушкина,2026-06-06T15:00:00+07:00,2026-06-06T17:30:00+07:00,fuzzy,0.8617,Красноярский драматический театр имени А. С. Пушкина,theatre,"660049, проспект Мира, 73",Центральный район,56.0113314,92.8655873,way,66007532,https://www.openstreetmap.org/way/66007532,kassir,https://krs.kassir.ru/teatr/teatr-imeni-as-pushkina/macheha-samanishvili_2026-06-06,Мачеха Саманишвили,6 июня 15:00 сб,2026-04-23T08:07:39Z
kassir:krs:teatr:kovarstvo-i-lyubov-3,Коварство и любовь,theatre,theatre,Красноярский драмтеатр им. А.С. Пушкина,,,fuzzy,0.8617,Красноярский драматический театр имени А. С. Пушкина,theatre,"660049, проспект Мира, 73",Центральный район,56.0113314,92.8655873,way,66007532,https://www.openstreetmap.org/way/66007532,kassir,https://krs.kassir.ru/teatr/kovarstvo-i-lyubov-3,Коварство и любовь,май – июнь,2026-04-23T08:07:39Z
kassir:krs:teatr:lyubov-i-golubi_2026-05-30,Любовь и голуби,theatre,theatre,Красноярский драмтеатр им. А.С. Пушкина,2026-05-30T18:00:00+07:00,2026-05-30T20:30:00+07:00,fuzzy,0.8617,Красноярский драматический театр имени А. С. Пушкина,theatre,"660049, проспект Мира, 73",Центральный район,56.0113314,92.8655873,way,66007532,https://www.openstreetmap.org/way/66007532,kassir,https://krs.kassir.ru/teatr/teatr-imeni-as-pushkina/lyubov-i-golubi_2026-05-30,Любовь и голуби,30 мая 18:00 сб,2026-04-23T08:07:39Z
kassir:krs:teatr:s-dnem-rojdeniya-yaga,"С Днем рождения, Яга!",theatre,theatre,Красноярский драмтеатр им. А.С. Пушкина,2026-05-17T12:00:00+07:00,2026-05-17T14:30:00+07:00,fuzzy,0.8617,Красноярский драматический театр имени А. С. Пушкина,theatre,"660049, проспект Мира, 73",Центральный район,56.0113314,92.8655873,way,66007532,https://www.openstreetmap.org/way/66007532,kassir,https://krs.kassir.ru/teatr/s-dnem-rojdeniya-yaga,"С Днем рождения, Яга!",17 мая 12:00 вс,2026-04-23T08:07:39Z
