id,title,category,tags,venue,startDate,endDate,match_status,match_score,match_second_score,match_reasons,source_provider,source_url,raw_title,raw_date_text,scraped_at
kassir:krs:koncert:ruki-vverh-8,Руки Вверх,concert,music,Стадион Енисей,2026-04-26T19:00:00+07:00,2026-04-26T21:30:00+07:00,unmatched,0.35,0.35,name_ratio=0.500 | token_overlap=0.000 | below_threshold,kassir,https://krs.kassir.ru/koncert/ruki-vverh-8,Руки Вверх,26 апреля 19:00 вс,2026-04-23T08:01:45Z
kassir:krs:koncert:basta,Баста,concert,music,Дворец спорта им. Ивана Ярыгина,2026-05-24T00:00:00+07:00,,unmatched,0.28,0.2716,name_ratio=0.400 | token_overlap=0.000 | below_threshold,kassir,https://krs.kassir.ru/koncert/basta,Баста,"23 , 24 мая",2026-04-23T08:01:45Z
kassir:krs:koncert:kontsert-pavla-voli-bolshoy-stand-up-1,Павел Воля,concert,music,Дворец спорта им. Ивана Ярыгина,2026-04-25T19:00:00+07:00,2026-04-25T21:30:00+07:00,unmatched,0.28,0.2716,name_ratio=0.400 | token_overlap=0.000 | below_threshold,kassir,https://krs.kassir.ru/koncert/kontsert-pavla-voli-bolshoy-stand-up-1,Павел Воля,25 апреля 19:00 сб,2026-04-23T08:01:45Z
kassir:krs:koncert:maksim,МакSим,concert,music,Ледовый дворец Арена Север,2026-05-25T19:00:00+07:00,2026-05-25T21:30:00+07:00,unmatched,0.2857,0.2655,name_ratio=0.408 | token_overlap=0.000 | below_threshold,kassir,https://krs.kassir.ru/koncert/maksim,МакSим,25 мая 19:00 пн,2026-04-23T08:01:45Z
kassir:krs:koncert:alex-lim-2,Алекс Лим,concert,music,Гранд-холл Сибирь,2026-04-29T19:00:00+07:00,2026-04-29T21:30:00+07:00,unmatched,0.4652,0.4017,name_ratio=0.522 | token_overlap=0.333 | below_threshold,kassir,https://krs.kassir.ru/koncert/alex-lim-2,Алекс Лим,29 апреля 19:00 ср,2026-04-23T08:01:45Z
kassir:krs:koncert:knyazz-8,КняZz,concert,music,Дворец спорта им. Ивана Ярыгина,2026-04-26T18:00:00+07:00,2026-04-26T20:30:00+07:00,unmatched,0.28,0.2716,name_ratio=0.400 | token_overlap=0.000 | below_threshold,kassir,https://krs.kassir.ru/koncert/knyazz-8,КняZz,26 апреля 18:00 вс,2026-04-23T08:01:45Z
kassir:krs:koncert:tatyana-ovsienko---solnyiy-kontsert-1,Татьяна Овсиенко,concert,music,Концертный зал Афонтовский,2026-11-14T19:00:00+07:00,2026-11-14T21:30:00+07:00,unmatched,0.2897,0.245,name_ratio=0.414 | token_overlap=0.000 | below_threshold,kassir,https://krs.kassir.ru/koncert/tatyana-ovsienko---solnyiy-kontsert-1,Татьяна Овсиенко,14 ноября 19:00 сб,2026-04-23T08:01:45Z
kassir:krs:koncert:dabro,Dabro,concert,music,Гранд-холл Сибирь,2026-05-01T19:00:00+07:00,2026-05-01T21:30:00+07:00,unmatched,0.4652,0.4017,name_ratio=0.522 | token_overlap=0.333 | below_threshold,kassir,https://krs.kassir.ru/koncert/dabro,Dabro,1 мая 19:00 пт,2026-04-23T08:01:45Z
kassir:krs:koncert:aleksandr-ivanov-i-gruppa-rondo_2026-05-16,"Александр Иванов и группа ""Рондо""",concert,music,Гранд-холл Сибирь,2026-05-16T19:00:00+07:00,2026-05-16T21:30:00+07:00,unmatched,0.4652,0.4017,name_ratio=0.522 | token_overlap=0.333 | below_threshold,kassir,https://krs.kassir.ru/koncert/kz-grand-holl-sibir/aleksandr-ivanov-i-gruppa-rondo_2026-05-16,"Александр Иванов и группа ""Рондо""",16 мая 19:00 сб,2026-04-23T08:01:45Z
kassir:krs:koncert:aleksey-goman-23,Алексей Гоман,concert,music,Концертный зал Афонтовский,2026-05-16T19:00:00+07:00,2026-05-16T21:30:00+07:00,unmatched,0.2897,0.245,name_ratio=0.414 | token_overlap=0.000 | below_threshold,kassir,https://krs.kassir.ru/koncert/aleksey-goman-23,Алексей Гоман,16 мая 19:00 сб,2026-04-23T08:01:45Z
kassir:krs:koncert:aleksandr-yushkov-i-blyuzovyiy-orkestr,Александр Юшков и блюзовый оркестр.,concert,"music, orchestra",Kitchen Lab,2026-04-23T20:30:00+07:00,2026-04-23T23:00:00+07:00,unmatched,0.35,0.2917,name_ratio=0.500 | token_overlap=0.000 | below_threshold,kassir,https://krs.kassir.ru/koncert/aleksandr-yushkov-i-blyuzovyiy-orkestr,Александр Юшков и блюзовый оркестр.,23 апреля 20:30 чт,2026-04-23T08:01:45Z
kassir:krs:koncert:ani-lorak-6,Ани Лорак,concert,music,Ледовый дворец Арена Север,2026-05-30T19:00:00+07:00,2026-05-30T21:30:00+07:00,unmatched,0.2857,0.2655,name_ratio=0.408 | token_overlap=0.000 | below_threshold,kassir,https://krs.kassir.ru/koncert/ani-lorak-6,Ани Лорак,30 мая 19:00 сб,2026-04-23T08:01:45Z
kassir:krs:koncert:melnitsa,Группа Мельница,concert,music,Гранд-холл Сибирь,2026-05-23T19:00:00+07:00,2026-05-23T21:30:00+07:00,unmatched,0.4652,0.4017,name_ratio=0.522 | token_overlap=0.333 | below_threshold,kassir,https://krs.kassir.ru/koncert/melnitsa,Группа Мельница,23 мая 19:00 сб,2026-04-23T08:01:45Z
kassir:krs:koncert:shou-fokusov-illyuziya-obmana,Шоу фокусов. Иллюзия обмана,concert,music,ТРК КомсоМолл,2026-04-25T19:00:00+07:00,2026-04-25T21:30:00+07:00,unmatched,0.3294,0.3182,name_ratio=0.471 | token_overlap=0.000 | below_threshold,kassir,https://krs.kassir.ru/koncert/shou-fokusov-illyuziya-obmana,Шоу фокусов. Иллюзия обмана,25 апреля 19:00 сб,2026-04-23T08:01:45Z
kassir:krs:teatr:kvartet-i-passajiryi-otlojennyih-reysov,"Квартет И. ПРЕМЬЕРА! ""Пассажиры отложенных рейсов""",theatre,theatre,Гранд-холл Сибирь,2026-06-10T19:00:00+07:00,2026-06-10T21:30:00+07:00,unmatched,0.4652,0.4017,name_ratio=0.522 | token_overlap=0.333 | below_threshold,kassir,https://krs.kassir.ru/teatr/kvartet-i-passajiryi-otlojennyih-reysov,"Квартет И. ПРЕМЬЕРА! ""Пассажиры отложенных рейсов""",10 июня 19:00 ср,2026-04-23T08:01:45Z
kassir:krs:koncert:kvartirnik-so-zvezdoy-svetlana-kolyanova_2026-04-27,Квартирник со звездой: Светлана Кольянова,concert,music,Kitchen Lab,2026-04-27T19:40:00+07:00,2026-04-27T22:10:00+07:00,unmatched,0.35,0.2917,name_ratio=0.500 | token_overlap=0.000 | below_threshold,kassir,https://krs.kassir.ru/koncert/kitchen-lab/kvartirnik-so-zvezdoy-svetlana-kolyanova_2026-04-27,Квартирник со звездой: Светлана Кольянова,27 апреля 19:40 пн,2026-04-23T08:01:45Z
kassir:krs:koncert:gruppa-kraski-3,Краски,concert,music,МАКСИМИЛИАНС – Клубный ресторан,2026-06-20T20:00:00+07:00,2026-06-20T22:30:00+07:00,unmatched,0.332,0.3079,name_ratio=0.360 | token_overlap=0.000 | restaurant_hint | below_threshold,kassir,https://krs.kassir.ru/koncert/gruppa-kraski-3,Краски,20 июня 20:00 сб,2026-04-23T08:01:45Z
kassir:krs:koncert:the-hatters-10-let-krasnoyarsk--24-maya--arena-sever_2026-05-24,The Hatters,concert,music,Ледовый дворец Арена Север,2026-05-24T20:00:00+07:00,2026-05-24T22:30:00+07:00,unmatched,0.2857,0.2655,name_ratio=0.408 | token_overlap=0.000 | below_threshold,kassir,https://krs.kassir.ru/koncert/ledovyiy-dvorets-arena-sever-5a6b1176b3d8f/the-hatters-10-let-krasnoyarsk--24-maya--arena-sever_2026-05-24,The Hatters 10 лет,24 мая 20:00 вс,2026-04-23T08:01:45Z
kassir:krs:koncert:aleksandr-ustyugov-pesni-vladimira-vyisotskogo-v-soprovojdenii-orkestra-1,Александр Устюгов: Песни Владимира Высоцкого в сопровождении оркестра,concert,"music, orchestra",Гранд-холл Сибирь,2026-05-26T19:00:00+07:00,2026-05-26T21:30:00+07:00,unmatched,0.4652,0.4017,name_ratio=0.522 | token_overlap=0.333 | below_threshold,kassir,https://krs.kassir.ru/koncert/aleksandr-ustyugov-pesni-vladimira-vyisotskogo-v-soprovojdenii-orkestra-1,Александр Устюгов: Песни Владимира Высоцкого в сопровождении оркестра,26 мая 19:00 вт,2026-04-23T08:01:45Z
kassir:krs:koncert:dora-16,Дора,concert,music,Circus Concert Hall,2026-04-25T19:00:00+07:00,2026-04-25T21:30:00+07:00,unmatched,0.3231,0.3062,name_ratio=0.462 | token_overlap=0.000 | below_threshold,kassir,https://krs.kassir.ru/koncert/dora-16,Дора,25 апреля 19:00 сб,2026-04-23T08:01:45Z
kassir:krs:koncert:moon-river-lunnaya-reka,Moon river (Лунная река),concert,music,Kitchen Lab,,,unmatched,0.35,0.2917,name_ratio=0.500 | token_overlap=0.000 | below_threshold,kassir,https://krs.kassir.ru/koncert/moon-river-lunnaya-reka,Moon river (Лунная река),апрель – май,2026-04-23T08:01:45Z
kassir:krs:koncert:mot-13,МОТ,concert,music,Ледовый дворец Арена Север,2026-10-07T19:00:00+07:00,2026-10-07T21:30:00+07:00,unmatched,0.2857,0.2655,name_ratio=0.408 | token_overlap=0.000 | below_threshold,kassir,https://krs.kassir.ru/koncert/mot-13,МОТ,7 октября 19:00 ср,2026-04-23T08:01:45Z
kassir:krs:koncert:kaver-gruppa-ot-verblyuza,Кавер-группа От Верблюза,concert,music,Kitchen Lab,2026-04-28T20:00:00+07:00,2026-04-28T22:30:00+07:00,unmatched,0.35,0.2917,name_ratio=0.500 | token_overlap=0.000 | below_threshold,kassir,https://krs.kassir.ru/koncert/kaver-gruppa-ot-verblyuza,Кавер-группа От Верблюза,28 апреля 20:00 вт,2026-04-23T08:01:45Z
kassir:krs:koncert:plazma,Plazma,concert,music,МАКСИМИЛИАНС – Клубный ресторан,2026-06-05T00:00:00+07:00,,unmatched,0.332,0.3079,name_ratio=0.360 | token_overlap=0.000 | restaurant_hint | below_threshold,kassir,https://krs.kassir.ru/koncert/plazma,Plazma,"4 , 5 июня",2026-04-23T08:01:45Z
kassir:krs:koncert:moya-mishel-7,Моя Мишель,concert,music,Гранд-холл Сибирь,2026-05-14T19:00:00+07:00,2026-05-14T21:30:00+07:00,unmatched,0.4652,0.4017,name_ratio=0.522 | token_overlap=0.333 | below_threshold,kassir,https://krs.kassir.ru/koncert/moya-mishel-7,Моя Мишель,14 мая 19:00 чт,2026-04-23T08:01:45Z
kassir:krs:koncert:denis-maydanov-3,Денис Майданов,concert,music,Гранд-холл Сибирь,2026-10-13T19:00:00+07:00,2026-10-13T21:30:00+07:00,unmatched,0.4652,0.4017,name_ratio=0.522 | token_overlap=0.333 | below_threshold,kassir,https://krs.kassir.ru/koncert/denis-maydanov-3,Денис Майданов,13 октября 19:00 вт,2026-04-23T08:01:45Z
kassir:krs:koncert:zolotoy-sostav-strelok-5,Золотой состав Стрелок,concert,music,МАКСИМИЛИАНС – Клубный ресторан,2026-05-16T20:00:00+07:00,2026-05-16T22:30:00+07:00,unmatched,0.332,0.3079,name_ratio=0.360 | token_overlap=0.000 | restaurant_hint | below_threshold,kassir,https://krs.kassir.ru/koncert/zolotoy-sostav-strelok-5,Золотой состав Стрелок,16 мая 20:00 сб,2026-04-23T08:01:45Z
kassir:krs:koncert:jazz-jam-session,Jazz Jam session,concert,music,Kitchen Lab,,,unmatched,0.35,0.2917,name_ratio=0.500 | token_overlap=0.000 | below_threshold,kassir,https://krs.kassir.ru/koncert/jazz-jam-session,Jazz Jam session,апрель – май,2026-04-23T08:01:45Z
kassir:krs:koncert:ak-47-8,АК-47,concert,music,Circus Concert Hall,2026-06-12T19:00:00+07:00,2026-06-12T21:30:00+07:00,unmatched,0.3231,0.3062,name_ratio=0.462 | token_overlap=0.000 | below_threshold,kassir,https://krs.kassir.ru/koncert/ak-47-8,АК-47,12 июня 19:00 пт,2026-04-23T08:01:45Z
kassir:krs:koncert:chipachip-24,ChipaChip,concert,music,Circus Concert Hall,2026-05-15T18:00:00+07:00,2026-05-15T20:30:00+07:00,unmatched,0.3231,0.3062,name_ratio=0.462 | token_overlap=0.000 | below_threshold,kassir,https://krs.kassir.ru/koncert/chipachip-24,ChipaChip,15 мая 18:00 пт,2026-04-23T08:01:45Z
kassir:krs:koncert:tehnologiya-3,Технология,concert,music,МАКСИМИЛИАНС – Клубный ресторан,2026-04-24T00:00:00+07:00,,unmatched,0.332,0.3079,name_ratio=0.360 | token_overlap=0.000 | restaurant_hint | below_threshold,kassir,https://krs.kassir.ru/koncert/tehnologiya-3,Технология,"23 , 24 апреля",2026-04-23T08:01:45Z
kassir:krs:koncert:thomas-mraz-8,Thomas Mraz,concert,music,Circus Concert Hall,2026-04-26T20:00:00+07:00,2026-04-26T22:30:00+07:00,unmatched,0.3231,0.3062,name_ratio=0.462 | token_overlap=0.000 | below_threshold,kassir,https://krs.kassir.ru/koncert/thomas-mraz-8,Thomas Mraz,26 апреля 20:00 вс,2026-04-23T08:01:45Z
kassir:krs:shou:sergey-orlov-31,Сергей Орлов,show,show,Гранд-холл Сибирь,2026-09-24T19:00:00+07:00,2026-09-24T21:30:00+07:00,unmatched,0.4652,0.4017,name_ratio=0.522 | token_overlap=0.333 | below_threshold,kassir,https://krs.kassir.ru/shou/sergey-orlov-31,Сергей Орлов,24 сентября 19:00 чт,2026-04-23T08:01:45Z
kassir:krs:koncert:mari-kraymbreri-4,Мари Краймбрери,concert,music,Ледовый дворец Арена Север,2026-09-25T20:00:00+07:00,2026-09-25T22:30:00+07:00,unmatched,0.2857,0.2655,name_ratio=0.408 | token_overlap=0.000 | below_threshold,kassir,https://krs.kassir.ru/koncert/mari-kraymbreri-4,Мари Краймбрери,25 сентября 20:00 пт,2026-04-23T08:01:45Z
kassir:krs:koncert:vyacheslav-butusov-nautilus-pompilius-1,Вячеслав Бутусов и группа Орден Славы: Nautilus Pompilius,concert,music,Гранд-холл Сибирь,2026-09-25T19:00:00+07:00,2026-09-25T21:30:00+07:00,unmatched,0.4652,0.4017,name_ratio=0.522 | token_overlap=0.333 | below_threshold,kassir,https://krs.kassir.ru/koncert/vyacheslav-butusov-nautilus-pompilius-1,Вячеслав Бутусов и группа Орден Славы: Nautilus Pompilius,25 сентября 19:00 пт,2026-04-23T08:01:45Z
kassir:krs:koncert:chernyiy-kofe-12,Черный кофе,concert,music,МАКСИМИЛИАНС – Клубный ресторан,2026-05-14T20:00:00+07:00,2026-05-14T22:30:00+07:00,unmatched,0.332,0.3079,name_ratio=0.360 | token_overlap=0.000 | restaurant_hint | below_threshold,kassir,https://krs.kassir.ru/koncert/chernyiy-kofe-12,Черный кофе,14 мая 20:00 чт,2026-04-23T08:01:45Z
kassir:krs:koncert:gruppa-butyirka_2026-11-21,Бутырка,concert,music,Гранд-холл Сибирь,2026-11-21T19:00:00+07:00,2026-11-21T21:30:00+07:00,unmatched,0.4652,0.4017,name_ratio=0.522 | token_overlap=0.333 | below_threshold,kassir,https://krs.kassir.ru/koncert/kz-grand-holl-sibir/gruppa-butyirka_2026-11-21,Бутырка,21 ноября 19:00 сб,2026-04-23T08:01:45Z
kassir:krs:koncert:byanka-9,Бьянка,concert,music,Circus Concert Hall,2026-09-25T19:00:00+07:00,2026-09-25T21:30:00+07:00,unmatched,0.3231,0.3062,name_ratio=0.462 | token_overlap=0.000 | below_threshold,kassir,https://krs.kassir.ru/koncert/byanka-9,Бьянка,25 сентября 19:00 пт,2026-04-23T08:01:45Z
kassir:krs:koncert:viktor-komarov-16,Виктор Комаров,concert,music,ДК Комбайностроителей,2026-11-15T20:00:00+07:00,2026-11-15T22:30:00+07:00,unmatched,0.317,0.3,name_ratio=0.453 | token_overlap=0.000 | below_threshold,kassir,https://krs.kassir.ru/koncert/viktor-komarov-16,Виктор Комаров,15 ноября 20:00 вс,2026-04-23T08:01:45Z
kassir:krs:koncert:sektor-gaza-posvyaschenie-yuriyu-hoyu-4,Сектор Газа: Посвящение Юрию Хою,concert,music,Circus Concert Hall,2026-10-15T19:00:00+07:00,2026-10-15T21:30:00+07:00,unmatched,0.3231,0.3062,name_ratio=0.462 | token_overlap=0.000 | below_threshold,kassir,https://krs.kassir.ru/koncert/sektor-gaza-posvyaschenie-yuriyu-hoyu-4,Сектор Газа: Посвящение Юрию Хою,15 октября 19:00 чт,2026-04-23T08:01:45Z
kassir:krs:koncert:ssshhhiiittt-23,ssshhhiiittt!,concert,music,Circus Concert Hall,2026-06-03T20:00:00+07:00,2026-06-03T22:30:00+07:00,unmatched,0.3231,0.3062,name_ratio=0.462 | token_overlap=0.000 | below_threshold,kassir,https://krs.kassir.ru/koncert/ssshhhiiittt-23,ssshhhiiittt!,3 июня 20:00 ср,2026-04-23T08:01:45Z
kassir:krs:koncert:irina-i-aleksandr-krug_2026-09-20,Ирина и Александр Круг,concert,music,Гранд-холл Сибирь,2026-09-20T19:00:00+07:00,2026-09-20T21:30:00+07:00,unmatched,0.4652,0.4017,name_ratio=0.522 | token_overlap=0.333 | below_threshold,kassir,https://krs.kassir.ru/koncert/kz-grand-holl-sibir/irina-i-aleksandr-krug_2026-09-20,Ирина и Александр Круг,20 сентября 19:00 вс,2026-04-23T08:01:45Z
kassir:krs:koncert:orkestr-sagmo-saundtreki-eynaudi-1,Оркестр Cagmo: Саундтреки Эйнауди – Двойной концерт при свечах,concert,"music, orchestra",Сибирский государственный институт искусств им. Д.Хворостовского,2026-11-19T19:00:00+07:00,2026-11-19T21:30:00+07:00,unmatched,0.4794,0.4475,name_ratio=0.395 | token_overlap=0.143 | type_boost=концерт:arts_centre | type_boost=оркестр:arts_centre | below_threshold,kassir,https://krs.kassir.ru/koncert/orkestr-sagmo-saundtreki-eynaudi-1,Оркестр Cagmo: Саундтреки Эйнауди – Двойной концерт при свечах,19 ноября 19:00 чт,2026-04-23T08:01:45Z
kassir:krs:koncert:propaganda-4,Пропаганда,concert,music,МАКСИМИЛИАНС – Клубный ресторан,2026-07-05T00:00:00+07:00,,unmatched,0.332,0.3079,name_ratio=0.360 | token_overlap=0.000 | restaurant_hint | below_threshold,kassir,https://krs.kassir.ru/koncert/propaganda-4,Пропаганда,"4 , 5 июля",2026-04-23T08:01:45Z
kassir:krs:koncert:vadim-samoylov--agata-kristi-s-orkestrom-1,Вадим Самойлов (Агата Кристи) с оркестром,concert,"music, orchestra",Гранд-холл Сибирь,2026-10-15T19:00:00+07:00,2026-10-15T21:30:00+07:00,unmatched,0.4652,0.4017,name_ratio=0.522 | token_overlap=0.333 | below_threshold,kassir,https://krs.kassir.ru/koncert/vadim-samoylov--agata-kristi-s-orkestrom-1,Вадим Самойлов (Агата Кристи) с оркестром,15 октября 19:00 чт,2026-04-23T08:01:45Z
kassir:krs:koncert:lsp,ЛСП,concert,music,Ледовый дворец Арена Север,2026-06-13T19:00:00+07:00,2026-06-13T21:30:00+07:00,unmatched,0.2857,0.2655,name_ratio=0.408 | token_overlap=0.000 | below_threshold,kassir,https://krs.kassir.ru/koncert/lsp,ЛСП,13 июня 19:00 сб,2026-04-23T08:01:45Z
kassir:krs:koncert:plamenev-6,Plamenev,concert,music,Circus Concert Hall,2026-05-21T20:00:00+07:00,2026-05-21T22:30:00+07:00,unmatched,0.3231,0.3062,name_ratio=0.462 | token_overlap=0.000 | below_threshold,kassir,https://krs.kassir.ru/koncert/plamenev-6,Plamenev,21 мая 20:00 чт,2026-04-23T08:01:45Z
kassir:krs:shou:uralskie-pelmeni-luchshee-11,Уральские Пельмени: Лучшее,show,show,Гранд-холл Сибирь,2026-10-17T19:30:00+07:00,2026-10-17T22:00:00+07:00,unmatched,0.4652,0.4017,name_ratio=0.522 | token_overlap=0.333 | below_threshold,kassir,https://krs.kassir.ru/shou/uralskie-pelmeni-luchshee-11,Уральские Пельмени: Лучшее,17 октября 19:30 сб,2026-04-23T08:01:45Z
kassir:krs:koncert:mihail-shufutinskiy-12,Михаил Шуфутинский,concert,music,Гранд-холл Сибирь,2026-10-05T19:00:00+07:00,2026-10-05T21:30:00+07:00,unmatched,0.4652,0.4017,name_ratio=0.522 | token_overlap=0.333 | below_threshold,kassir,https://krs.kassir.ru/koncert/mihail-shufutinskiy-12,Михаил Шуфутинский,5 октября 19:00 пн,2026-04-23T08:01:45Z
kassir:krs:koncert:scally-milano-4,Scally Milano,concert,music,Клуб-галерея Эрмитаж,2026-05-08T19:00:00+07:00,2026-05-08T21:30:00+07:00,unmatched,0.35,0.3,name_ratio=0.500 | token_overlap=0.000 | below_threshold,kassir,https://krs.kassir.ru/koncert/scally-milano-4,Scally Milano,8 мая 19:00 пт,2026-04-23T08:01:45Z
kassir:krs:koncert:klassik-bend-muzyika-kinoekranov,Классик-Бэнд. Музыка киноэкранов,concert,music,Дворец культуры и спорта Металлургов,2026-05-06T19:00:00+07:00,2026-05-06T21:30:00+07:00,unmatched,0.3109,0.2689,name_ratio=0.273 | token_overlap=0.000 | type_boost=кино:cinema | below_threshold,kassir,https://krs.kassir.ru/koncert/klassik-bend-muzyika-kinoekranov,Классик-Бэнд. Музыка киноэкранов,6 мая 19:00 ср,2026-04-23T08:01:45Z
kassir:krs:koncert:shura,Шура,concert,music,МАКСИМИЛИАНС – Клубный ресторан,2026-11-01T20:00:00+07:00,2026-11-01T22:30:00+07:00,unmatched,0.332,0.3079,name_ratio=0.360 | token_overlap=0.000 | restaurant_hint | below_threshold,kassir,https://krs.kassir.ru/koncert/shura,Шура,1 ноября 20:00 вс,2026-04-23T08:01:45Z
kassir:krs:koncert:hmyirov-13,Хмыров,concert,music,Baker Street на Д.Мартынова,2026-10-28T20:00:00+07:00,2026-10-28T22:30:00+07:00,unmatched,0.2762,0.2471,name_ratio=0.333 | token_overlap=0.143 | below_threshold,kassir,https://krs.kassir.ru/koncert/hmyirov-13,Хмыров,28 октября 20:00 ср,2026-04-23T08:01:45Z
kassir:krs:koncert:lena-vasilyok_2026-10-22,Лена Василёк,concert,music,ДК Комбайностроителей,2026-10-22T19:00:00+07:00,2026-10-22T21:30:00+07:00,unmatched,0.317,0.3,name_ratio=0.453 | token_overlap=0.000 | below_threshold,kassir,https://krs.kassir.ru/koncert/dk-kombaynostroiteley/lena-vasilyok_2026-10-22,Лена Василёк,22 октября 19:00 чт,2026-04-23T08:01:45Z
kassir:krs:koncert:orkestr-polya-moria---zolotaya-kollektsiya-iz-repertuara_2026-10-10,Оркестр Поля Мориа: Золотая коллекция из репертуара,concert,"music, orchestra",Гранд-холл Сибирь,2026-10-10T19:00:00+07:00,2026-10-10T21:30:00+07:00,unmatched,0.4652,0.4017,name_ratio=0.522 | token_overlap=0.333 | below_threshold,kassir,https://krs.kassir.ru/koncert/kz-grand-holl-sibir/orkestr-polya-moria---zolotaya-kollektsiya-iz-repertuara_2026-10-10,Оркестр Поля Мориа: Золотая коллекция из репертуара,10 октября 19:00 сб,2026-04-23T08:01:45Z
kassir:krs:koncert:rok-ostrov,Рок-Острова,concert,music,МАКСИМИЛИАНС – Клубный ресторан,2026-10-08T20:00:00+07:00,2026-10-08T22:30:00+07:00,unmatched,0.332,0.3079,name_ratio=0.360 | token_overlap=0.000 | restaurant_hint | below_threshold,kassir,https://krs.kassir.ru/koncert/rok-ostrov,Рок-Острова,8 октября 20:00 чт,2026-04-23T08:01:45Z
kassir:krs:koncert:trubetskoy-6,Трубецкой,concert,music,МАКСИМИЛИАНС – Клубный ресторан,2026-05-21T20:00:00+07:00,2026-05-21T22:30:00+07:00,unmatched,0.332,0.3079,name_ratio=0.360 | token_overlap=0.000 | restaurant_hint | below_threshold,kassir,https://krs.kassir.ru/koncert/trubetskoy-6,Трубецкой,21 мая 20:00 чт,2026-04-23T08:01:45Z
kassir:krs:koncert:lena-vasilyok-abakan_2026-10-21,Лена Василёк (Абакан),concert,music,Абаканский Дворец Молодежи,2026-10-21T19:00:00+07:00,2026-10-21T21:30:00+07:00,unmatched,0.3182,0.2702,name_ratio=0.455 | token_overlap=0.000 | below_threshold,kassir,https://krs.kassir.ru/koncert/mbuk-abakanskiy-dvorets-molodeji/lena-vasilyok-abakan_2026-10-21,Лена Василёк (Абакан),21 октября 19:00 ср,2026-04-23T08:01:45Z
kassir:krs:koncert:hityi-sting-s-simfonicheskim-orkestrom-desert-rose-symphony-5,Хиты Sting с симфоническим оркестром: Desert Rose Symphony,concert,"music, orchestra",Гранд-холл Сибирь,2026-10-25T19:00:00+07:00,2026-10-25T21:30:00+07:00,unmatched,0.4652,0.4017,name_ratio=0.522 | token_overlap=0.333 | below_threshold,kassir,https://krs.kassir.ru/koncert/hityi-sting-s-simfonicheskim-orkestrom-desert-rose-symphony-5,Хиты Sting с симфоническим оркестром: Desert Rose Symphony,25 октября 19:00 вс,2026-04-23T08:01:45Z
kassir:krs:koncert:stand-up-kontsert-guram-amaryan-bazar-v-krasnoyarske_2026-10-26,"Гурам Амарян: Stand Up концерт ""Базар""",concert,music,Гранд-холл Сибирь,2026-10-26T20:00:00+07:00,2026-10-26T22:30:00+07:00,unmatched,0.4652,0.4017,name_ratio=0.522 | token_overlap=0.333 | below_threshold,kassir,https://krs.kassir.ru/koncert/kz-grand-holl-sibir/stand-up-kontsert-guram-amaryan-bazar-v-krasnoyarske_2026-10-26,"Гурам Амарян: Stand Up концерт ""Базар""",26 октября 20:00 пн,2026-04-23T08:01:45Z
kassir:krs:koncert:irina-krug_2026-09-19,Ирина Круг (Норильск),concert,music,Городской центр культуры г. Норильск,2026-09-19T19:00:00+07:00,2026-09-19T21:30:00+07:00,unmatched,0.3394,0.3231,name_ratio=0.485 | token_overlap=0.000 | below_threshold,kassir,https://krs.kassir.ru/koncert/gorodskoy-tsentr-kulturyi-g-norilsk/irina-krug_2026-09-19,Ирина Круг (Норильск),19 сентября 19:00 сб,2026-04-23T08:01:45Z
kassir:krs:koncert:queen-luchshie-hityi-c-simfonicheskim-orkestrom-one-vision-9,Queen лучшие хиты c симфоническим оркестром. ONE VISION,concert,"music, orchestra",Арт-Холл Синема,2026-05-26T00:00:00+07:00,,unmatched,0.475,0.3981,name_ratio=0.571 | token_overlap=0.250 | below_threshold,kassir,https://krs.kassir.ru/koncert/queen-luchshie-hityi-c-simfonicheskim-orkestrom-one-vision-9,Queen лучшие хиты c симфоническим оркестром. ONE VISION,"25 , 26 мая",2026-04-23T08:01:45Z
kassir:krs:koncert:cream-soda-9,Cream Soda,concert,music,Circus Concert Hall,2026-09-24T20:00:00+07:00,2026-09-24T22:30:00+07:00,unmatched,0.3231,0.3062,name_ratio=0.462 | token_overlap=0.000 | below_threshold,kassir,https://krs.kassir.ru/koncert/cream-soda-9,Cream Soda,24 сентября 20:00 чт,2026-04-23T08:01:45Z
kassir:krs:koncert:mnogotochie-i-whit-hot-ice,Многоточие и Whit Hot Ice,concert,music,МАКСИМИЛИАНС – Клубный ресторан,2026-10-18T20:00:00+07:00,2026-10-18T22:30:00+07:00,unmatched,0.332,0.3079,name_ratio=0.360 | token_overlap=0.000 | restaurant_hint | below_threshold,kassir,https://krs.kassir.ru/koncert/mnogotochie-i-whit-hot-ice,Многоточие и Whit Hot Ice,18 октября 20:00 вс,2026-04-23T08:01:45Z
kassir:krs:koncert:trinadtsat-karat-42,Тринадцать карат,concert,music,Circus Concert Hall,2026-10-27T20:00:00+07:00,2026-10-27T22:30:00+07:00,unmatched,0.3231,0.3062,name_ratio=0.462 | token_overlap=0.000 | below_threshold,kassir,https://krs.kassir.ru/koncert/trinadtsat-karat-42,Тринадцать карат,27 октября 20:00 вт,2026-04-23T08:01:45Z
kassir:krs:koncert:orkestr-cagmo-pesni-sovetskih-kinofilmov,Оркестр Cagmo: Песни Советских кинофильмов,concert,"music, orchestra",Сибирский государственный институт искусств им. Д.Хворостовского,2026-01-23T00:00:00+07:00,,unmatched,0.4275,0.3994,name_ratio=0.549 | token_overlap=0.143 | below_threshold,kassir,https://krs.kassir.ru/koncert/orkestr-cagmo-pesni-sovetskih-kinofilmov,Оркестр Cagmo: Песни Советских кинофильмов,23 января 2027,2026-04-23T08:01:45Z
kassir:krs:koncert:orkestr-polya-moria---zolotaya-kollektsiya-iz-repertuara_2026-10-09,Оркестр Поля Мориа: Золотая коллекция из репертуара (Ачинск),concert,"music, orchestra",Городской ДК г. Ачинск,2026-10-09T19:00:00+07:00,2026-10-09T21:30:00+07:00,unmatched,0.3111,0.2947,name_ratio=0.444 | token_overlap=0.000 | below_threshold,kassir,https://krs.kassir.ru/koncert/zal-gordk-gachinsk/orkestr-polya-moria---zolotaya-kollektsiya-iz-repertuara_2026-10-09,Оркестр Поля Мориа: Золотая коллекция из репертуара (Ачинск),9 октября 19:00 пт,2026-04-23T08:01:45Z
kassir:krs:koncert:arhiereyskiy-mujskoy-hor-aksios,Архиерейский мужской хор Аксиос,concert,music,Концертный зал Афонтовский,2026-06-23T19:00:00+07:00,2026-06-23T21:30:00+07:00,unmatched,0.2897,0.245,name_ratio=0.414 | token_overlap=0.000 | below_threshold,kassir,https://krs.kassir.ru/koncert/arhiereyskiy-mujskoy-hor-aksios,Архиерейский мужской хор Аксиос,23 июня 19:00 вт,2026-04-23T08:01:45Z
kassir:krs:koncert:kriminalnyiy-bit-15,Криминальный бит,concert,music,Circus Concert Hall,2026-11-01T20:00:00+07:00,2026-11-01T22:30:00+07:00,unmatched,0.3231,0.3062,name_ratio=0.462 | token_overlap=0.000 | below_threshold,kassir,https://krs.kassir.ru/koncert/kriminalnyiy-bit-15,Криминальный бит,1 ноября 20:00 вс,2026-04-23T08:01:45Z
kassir:krs:teatr:s-lyubovyu-ernest-audiospektakl-1,"С любовью, Эрнест",theatre,theatre,Бар Радость,,,unmatched,0.325,0.3043,name_ratio=0.357 | token_overlap=0.250 | below_threshold,kassir,https://krs.kassir.ru/teatr/s-lyubovyu-ernest-audiospektakl-1,"С любовью, Эрнест",апрель – декабрь,2026-04-23T08:01:45Z
kassir:krs:koncert:orkestr-cagmo-rok-simfoniya-pri-svechah-5,Оркестр Cagmo: Рок-Симфония при свечах,concert,"music, orchestra",Сибирский государственный институт искусств им. Д.Хворостовского,2026-10-31T18:00:00+07:00,2026-10-31T20:30:00+07:00,unmatched,0.4275,0.3994,name_ratio=0.549 | token_overlap=0.143 | below_threshold,kassir,https://krs.kassir.ru/koncert/orkestr-cagmo-rok-simfoniya-pri-svechah-5,Оркестр Cagmo: Рок-Симфония при свечах,31 октября 18:00 сб,2026-04-23T08:01:45Z
kassir:krs:koncert:orkestr-cagmo-simfoniya-the-witcher,Оркестр Cagmo: Симфония Ведьмак при свечах (Красноярск),concert,"music, orchestra",Сибирский государственный институт искусств им. Д.Хворостовского,2026-06-26T19:00:00+07:00,2026-06-26T21:30:00+07:00,unmatched,0.4275,0.3994,name_ratio=0.549 | token_overlap=0.143 | below_threshold,kassir,https://krs.kassir.ru/koncert/orkestr-cagmo-simfoniya-the-witcher,Оркестр Cagmo: Симфония Ведьмак при свечах (Красноярск),26 июня 19:00 пт,2026-04-23T08:01:45Z
kassir:krs:koncert:orkestr-cagmo-saundtreki-hansa-tsimmera-7,Оркестр Cagmo: Саундтреки Ханса Циммера при свечах,concert,"music, orchestra",Сибирский государственный институт искусств им. Д.Хворостовского,2026-09-23T19:00:00+07:00,2026-09-23T21:30:00+07:00,unmatched,0.4275,0.3994,name_ratio=0.549 | token_overlap=0.143 | below_threshold,kassir,https://krs.kassir.ru/koncert/orkestr-cagmo-saundtreki-hansa-tsimmera-7,Оркестр Cagmo: Саундтреки Ханса Циммера при свечах,23 сентября 19:00 ср,2026-04-23T08:01:45Z
kassir:krs:koncert:surganova-i-orkestr,Сурганова и Оркестр,concert,"music, orchestra",Гранд-холл Сибирь,2026-10-24T19:00:00+07:00,2026-10-24T21:30:00+07:00,unmatched,0.4652,0.4017,name_ratio=0.522 | token_overlap=0.333 | below_threshold,kassir,https://krs.kassir.ru/koncert/surganova-i-orkestr,Сурганова и Оркестр,24 октября 19:00 сб,2026-04-23T08:01:45Z
kassir:krs:koncert:lena-vasilyok-lesosibirsk_2026-10-23,Лена Василёк (Лесосибирск),concert,music,ДК ЛДК №1 г. Лесосибирск,2026-10-23T19:00:00+07:00,2026-10-23T21:30:00+07:00,unmatched,0.2593,0.2406,name_ratio=0.370 | token_overlap=0.000 | below_threshold,kassir,https://krs.kassir.ru/koncert/dk-ldk-1-g-lesosibirsk/lena-vasilyok-lesosibirsk_2026-10-23,Лена Василёк (Лесосибирск),23 октября 19:00 пт,2026-04-23T08:01:45Z
kassir:krs:koncert:legendyi-mtv-orkestr-pri-svechah,Легенды MTV. Оркестр при свечах,concert,"music, orchestra",Сибирский государственный институт искусств им. Д.Хворостовского,2026-05-29T19:00:00+07:00,2026-05-29T21:30:00+07:00,unmatched,0.4275,0.3994,name_ratio=0.549 | token_overlap=0.143 | below_threshold,kassir,https://krs.kassir.ru/koncert/legendyi-mtv-orkestr-pri-svechah,Легенды MTV. Оркестр при свечах,29 мая 19:00 пт,2026-04-23T08:01:45Z
kassir:krs:koncert:neverlove-4,Neverlove,concert,music,Circus Concert Hall,2026-10-02T19:00:00+07:00,2026-10-02T21:30:00+07:00,unmatched,0.3231,0.3062,name_ratio=0.462 | token_overlap=0.000 | below_threshold,kassir,https://krs.kassir.ru/koncert/neverlove-4,Neverlove,2 октября 19:00 пт,2026-04-23T08:01:45Z
kassir:krs:koncert:megamozg-13,Мегамозг,concert,music,Клуб-галерея Эрмитаж,2026-05-10T19:00:00+07:00,2026-05-10T21:30:00+07:00,unmatched,0.35,0.3,name_ratio=0.500 | token_overlap=0.000 | below_threshold,kassir,https://krs.kassir.ru/koncert/megamozg-13,Мегамозг,10 мая 19:00 вс,2026-04-23T08:01:45Z
kassir:krs:koncert:yorsh---krasnoyarsk_2026-09-20,ЙОРШ,concert,music,Клуб-галерея Эрмитаж,2026-09-20T19:00:00+07:00,2026-09-20T21:30:00+07:00,unmatched,0.35,0.3,name_ratio=0.500 | token_overlap=0.000 | below_threshold,kassir,https://krs.kassir.ru/koncert/klub-galereya-ermitaj/yorsh---krasnoyarsk_2026-09-20,ЙОРШ,20 сентября 19:00 вс,2026-04-23T08:01:45Z
kassir:krs:koncert:glavnaya-muzyika-stoletiya-orkestr-pri-svechah,Главная музыка столетия. Оркестр при свечах,concert,"music, orchestra",Городской дворец культуры г. Зеленогорск,2026-05-23T19:00:00+07:00,2026-05-23T21:30:00+07:00,unmatched,0.2698,0.2658,name_ratio=0.271 | token_overlap=0.000 | type_boost=оркестр:arts_centre | below_threshold,kassir,https://krs.kassir.ru/koncert/glavnaya-muzyika-stoletiya-orkestr-pri-svechah,Главная музыка столетия. Оркестр при свечах,23 мая 19:00 сб,2026-04-23T08:01:45Z
kassir:krs:koncert:saundtreki-sovetskih-kinofilmov,Саундтреки советских кинофильмов,concert,music,Сибирский государственный институт искусств им. Д.Хворостовского,2026-06-02T19:00:00+07:00,2026-06-02T21:30:00+07:00,unmatched,0.4275,0.3964,name_ratio=0.549 | token_overlap=0.143 | below_threshold,kassir,https://krs.kassir.ru/koncert/saundtreki-sovetskih-kinofilmov,Саундтреки советских кинофильмов,2 июня 19:00 вт,2026-04-23T08:01:45Z
kassir:krs:koncert:lena-vasilyok-zelenogorsk_2026-10-24,Лена Василёк (Зеленогорск),concert,music,Городской дворец культуры г. Зеленогорск,2026-10-24T17:00:00+07:00,2026-10-24T19:30:00+07:00,unmatched,0.2658,0.2638,name_ratio=0.380 | token_overlap=0.000 | below_threshold,kassir,https://krs.kassir.ru/koncert/gdk-gzelenogorsk/lena-vasilyok-zelenogorsk_2026-10-24,Лена Василёк (Зеленогорск),24 октября 17:00 сб,2026-04-23T08:01:45Z
kassir:krs:koncert:gruppa-butyirka_2026-11-20,Бутырка (Абакан),concert,music,Абаканский Дворец Молодежи,2026-11-20T19:00:00+07:00,2026-11-20T21:30:00+07:00,unmatched,0.3182,0.2702,name_ratio=0.455 | token_overlap=0.000 | below_threshold,kassir,https://krs.kassir.ru/koncert/mbuk-abakanskiy-dvorets-molodeji/gruppa-butyirka_2026-11-20,Бутырка (Абакан),20 ноября 19:00 пт,2026-04-23T08:01:45Z
kassir:krs:koncert:bilbordyi-12,Билборды,concert,music,Закрытый клуб 64/6,2026-09-06T19:30:00+07:00,2026-09-06T22:00:00+07:00,unmatched,0.3372,0.2513,name_ratio=0.410 | token_overlap=0.167 | below_threshold,kassir,https://krs.kassir.ru/koncert/bilbordyi-12,Билборды,6 сентября 19:30 вс,2026-04-23T08:01:45Z
kassir:krs:koncert:sergey-zavyalov-zelenogorsk_2026-10-08,Сергей Завьялов (Зеленогорск),concert,music,Городской дворец культуры г. Зеленогорск,2026-10-08T19:00:00+07:00,2026-10-08T21:30:00+07:00,unmatched,0.2658,0.2638,name_ratio=0.380 | token_overlap=0.000 | below_threshold,kassir,https://krs.kassir.ru/koncert/gdk-gzelenogorsk/sergey-zavyalov-zelenogorsk_2026-10-08,Сергей Завьялов (Зеленогорск),8 октября 19:00 чт,2026-04-23T08:01:45Z
kassir:krs:koncert:sergey-zavyalov-kansk_2026-10-09,Сергей Завьялов (Канск),concert,music,ГДК (Канск),2026-10-09T19:00:00+07:00,2026-10-09T21:30:00+07:00,unmatched,0.3294,0.28,name_ratio=0.471 | token_overlap=0.000 | below_threshold,kassir,https://krs.kassir.ru/koncert/gorodskoy-dom-kulturyi-g-kanska/sergey-zavyalov-kansk_2026-10-09,Сергей Завьялов (Канск),9 октября 19:00 пт,2026-04-23T08:01:45Z
kassir:krs:koncert:vitya-matanga-4,Витя Матанга,concert,music,Клуб-галерея Эрмитаж,2026-10-02T20:00:00+07:00,2026-10-02T22:30:00+07:00,unmatched,0.35,0.3,name_ratio=0.500 | token_overlap=0.000 | below_threshold,kassir,https://krs.kassir.ru/koncert/vitya-matanga-4,Витя Матанга,2 октября 20:00 пт,2026-04-23T08:01:45Z
kassir:krs:koncert:parad-zvezd-80-h-6,Звезды эстрады 80-х,concert,music,Гранд-холл Сибирь,2026-11-26T19:00:00+07:00,2026-11-26T21:30:00+07:00,unmatched,0.4652,0.4017,name_ratio=0.522 | token_overlap=0.333 | below_threshold,kassir,https://krs.kassir.ru/koncert/parad-zvezd-80-h-6,Звезды эстрады 80-х,26 ноября 19:00 чт,2026-04-23T08:01:45Z
kassir:krs:koncert:sovetskie-hityi,Советские хиты,concert,music,КЗ Новая Сцена,2026-10-10T19:00:00+07:00,2026-10-10T21:30:00+07:00,unmatched,0.35,0.3333,name_ratio=0.500 | token_overlap=0.000 | below_threshold,kassir,https://krs.kassir.ru/koncert/sovetskie-hityi,Советские хиты,10 октября 19:00 сб,2026-04-23T08:01:45Z
kassir:krs:koncert:neoklassicheskiy-kontsert-kompozitora-denisa-stelmaha-4,Неоклассический концерт композитора Дениса Стельмаха,concert,music,Большой академический концертный зал Красноярского государственного института искусств,2026-05-01T19:00:00+07:00,2026-05-01T21:30:00+07:00,unmatched,0.3376,0.3207,name_ratio=0.454 | token_overlap=0.000 | type_boost=концерт:theatre | below_threshold,kassir,https://krs.kassir.ru/koncert/neoklassicheskiy-kontsert-kompozitora-denisa-stelmaha-4,Неоклассический концерт композитора Дениса Стельмаха,1 мая 19:00 пт,2026-04-23T08:01:45Z
kassir:krs:koncert:from-the-land-3,From the land,concert,music,"Бар ""Дело не в тебе""",2026-06-12T20:00:00+07:00,2026-06-12T22:30:00+07:00,unmatched,0.3418,0.2853,name_ratio=0.435 | token_overlap=0.125 | below_threshold,kassir,https://krs.kassir.ru/koncert/from-the-land-3,From the land,12 июня 20:00 пт,2026-04-23T08:01:45Z
kassir:krs:koncert:solnyiy-kontsert-miroslavyi-i-zlatyi-byikovyih-1,Мирослава и Злата Быковы,concert,music,ДК Комбайностроителей,2026-10-12T19:00:00+07:00,2026-10-12T21:30:00+07:00,unmatched,0.317,0.3,name_ratio=0.453 | token_overlap=0.000 | below_threshold,kassir,https://krs.kassir.ru/koncert/solnyiy-kontsert-miroslavyi-i-zlatyi-byikovyih-1,Мирослава и Злата Быковы,12 октября 19:00 пн,2026-04-23T08:01:45Z
kassir:krs:koncert:blues-power-big-band_2026-05-28,Blues Power Big Band,concert,music,Kitchen Lab,2026-05-28T20:30:00+07:00,2026-05-28T23:00:00+07:00,unmatched,0.35,0.2917,name_ratio=0.500 | token_overlap=0.000 | below_threshold,kassir,https://krs.kassir.ru/koncert/kitchen-lab/blues-power-big-band_2026-05-28,Blues Power Big Band,28 мая 20:30 чт,2026-04-23T08:01:45Z
kassir:krs:koncert:kvartirnik-so-zvezdoy-anna-kiselyova_2026-05-11,Квартирник со звездой: Анна Киселёва,concert,music,Kitchen Lab,2026-05-11T19:40:00+07:00,2026-05-11T22:10:00+07:00,unmatched,0.35,0.2917,name_ratio=0.500 | token_overlap=0.000 | below_threshold,kassir,https://krs.kassir.ru/koncert/kitchen-lab/kvartirnik-so-zvezdoy-anna-kiselyova_2026-05-11,Квартирник со звездой: Анна Киселёва,11 мая 19:40 пн,2026-04-23T08:01:45Z
kassir:krs:koncert:anna-grushevskaya-i-teatr-band,Анна Грушевская и Театр Band,concert,music,Kitchen Lab,2026-05-30T20:00:00+07:00,2026-05-30T22:30:00+07:00,unmatched,0.35,0.2917,name_ratio=0.500 | token_overlap=0.000 | below_threshold,kassir,https://krs.kassir.ru/koncert/anna-grushevskaya-i-teatr-band,Анна Грушевская и Театр Band,30 мая 20:00 сб,2026-04-23T08:01:45Z
kassir:krs:koncert:akusticheskaya-kryisha-i-sergey-pugachev,Акустическая крыша и Сергей Пугачев,concert,music,Kitchen Lab,2026-05-09T19:00:00+07:00,2026-05-09T21:30:00+07:00,unmatched,0.35,0.2917,name_ratio=0.500 | token_overlap=0.000 | below_threshold,kassir,https://krs.kassir.ru/koncert/akusticheskaya-kryisha-i-sergey-pugachev,Акустическая крыша и Сергей Пугачев,9 мая 19:00 сб,2026-04-23T08:01:45Z
kassir:krs:koncert:kvartirnik-so-zvezdoy-anna-grushevskaya_2026-05-25,Квартирник со звездой: Анна Грушевская,concert,music,Kitchen Lab,2026-05-25T19:40:00+07:00,2026-05-25T22:10:00+07:00,unmatched,0.35,0.2917,name_ratio=0.500 | token_overlap=0.000 | below_threshold,kassir,https://krs.kassir.ru/koncert/kitchen-lab/kvartirnik-so-zvezdoy-anna-grushevskaya_2026-05-25,Квартирник со звездой: Анна Грушевская,25 мая 19:40 пн,2026-04-23T08:01:45Z
kassir:krs:koncert:blyuzovyiy-djem,Блюзовый джем,concert,music,Kitchen Lab,,,unmatched,0.35,0.2917,name_ratio=0.500 | token_overlap=0.000 | below_threshold,kassir,https://krs.kassir.ru/koncert/blyuzovyiy-djem,Блюзовый джем,апрель – май,2026-04-23T08:01:45Z
kassir:krs:koncert:kvartirnik-so-zvezdoy-aleksandr-freydman_2026-05-18,Квартирник со звездой: Александр Фрейдман,concert,music,Kitchen Lab,2026-05-18T19:40:00+07:00,2026-05-18T22:10:00+07:00,unmatched,0.35,0.2917,name_ratio=0.500 | token_overlap=0.000 | below_threshold,kassir,https://krs.kassir.ru/koncert/kitchen-lab/kvartirnik-so-zvezdoy-aleksandr-freydman_2026-05-18,Квартирник со звездой: Александр Фрейдман,18 мая 19:40 пн,2026-04-23T08:01:45Z
kassir:krs:koncert:kvartirnik-so-zvezdoy-aleksey-orlov_2026-05-04,Квартирник со звездой: Алексей Орлов,concert,music,Kitchen Lab,2026-05-04T19:40:00+07:00,2026-05-04T22:10:00+07:00,unmatched,0.35,0.2917,name_ratio=0.500 | token_overlap=0.000 | below_threshold,kassir,https://krs.kassir.ru/koncert/kitchen-lab/kvartirnik-so-zvezdoy-aleksey-orlov_2026-05-04,Квартирник со звездой: Алексей Орлов,4 мая 19:40 пн,2026-04-23T08:01:45Z
kassir:krs:koncert:duet-pari-tet,Дуэт Pari-tet,concert,music,Kitchen Lab,2026-04-26T19:00:00+07:00,2026-04-26T21:30:00+07:00,unmatched,0.35,0.2917,name_ratio=0.500 | token_overlap=0.000 | below_threshold,kassir,https://krs.kassir.ru/koncert/duet-pari-tet,Дуэт Pari-tet,26 апреля 19:00 вс,2026-04-23T08:01:45Z
kassir:krs:koncert:las-guitarras-enamoradas,Las Guitarras Enamoradas,concert,music,Kitchen Lab,2026-05-08T20:00:00+07:00,2026-05-08T22:30:00+07:00,unmatched,0.35,0.2917,name_ratio=0.500 | token_overlap=0.000 | below_threshold,kassir,https://krs.kassir.ru/koncert/las-guitarras-enamoradas,Las Guitarras Enamoradas,8 мая 20:00 пт,2026-04-23T08:01:45Z
kassir:krs:teatr:teremok--3,Теремок,theatre,theatre,Красноярский театр кукол,2026-04-26T00:00:00+07:00,,unmatched,0.725,0.72,name_ratio=0.750 | token_overlap=0.400 | theatre_hint | ambiguous_top_match,kassir,https://krs.kassir.ru/teatr/teremok--3,Теремок,26 апреля,2026-04-23T08:01:45Z
kassir:krs:teatr:palata-biznes-klassa-16,Палата бизнес-класса,theatre,theatre,Гранд-холл Сибирь,2026-04-28T19:00:00+07:00,2026-04-28T21:30:00+07:00,unmatched,0.4652,0.4017,name_ratio=0.522 | token_overlap=0.333 | below_threshold,kassir,https://krs.kassir.ru/teatr/palata-biznes-klassa-16,Палата бизнес-класса,28 апреля 19:00 вт,2026-04-23T08:01:45Z
kassir:krs:teatr:semya-naprokat,Семья напрокат,theatre,theatre,ДК Железнодорожников (Красноярск),2026-04-26T18:00:00+07:00,2026-04-26T20:30:00+07:00,unmatched,0.3161,0.271,name_ratio=0.452 | token_overlap=0.000 | below_threshold,kassir,https://krs.kassir.ru/teatr/semya-naprokat,Семья напрокат,26 апреля 18:00 вс,2026-04-23T08:01:45Z
kassir:krs:teatr:lyubovnichki-abakan_2026-05-13,Любовнички. Абакан,theatre,theatre,Абаканский Дворец Молодежи,2026-05-13T19:00:00+07:00,2026-05-13T21:30:00+07:00,unmatched,0.3182,0.2702,name_ratio=0.455 | token_overlap=0.000 | below_threshold,kassir,https://krs.kassir.ru/teatr/mbuk-abakanskiy-dvorets-molodeji/lyubovnichki-abakan_2026-05-13,Любовнички. Абакан,13 мая 19:00 ср,2026-04-23T08:01:45Z
kassir:krs:teatr:kruglyiy-god--1,Круглый год,theatre,theatre,Красноярский театр кукол,2026-05-02T00:00:00+07:00,,unmatched,0.725,0.72,name_ratio=0.750 | token_overlap=0.400 | theatre_hint | ambiguous_top_match,kassir,https://krs.kassir.ru/teatr/kruglyiy-god--1,Круглый год,"1 , 2 мая",2026-04-23T08:01:45Z
kassir:krs:teatr:byivshie-31,Бывшие,theatre,theatre,ДК Комбайностроителей,2026-05-20T19:00:00+07:00,2026-05-20T21:30:00+07:00,unmatched,0.317,0.3,name_ratio=0.453 | token_overlap=0.000 | below_threshold,kassir,https://krs.kassir.ru/teatr/byivshie-31,Бывшие,20 мая 19:00 ср,2026-04-23T08:01:45Z
kassir:krs:teatr:abahay-pahta_2026-06-03,Абахай Пахта,theatre,theatre,Сибирский государственный институт искусств им. Д.Хворостовского,2026-06-03T19:00:00+07:00,2026-06-03T21:30:00+07:00,unmatched,0.4275,0.3964,name_ratio=0.549 | token_overlap=0.143 | below_threshold,kassir,https://krs.kassir.ru/teatr/sibirskiy-gosudarstvennyiy-institut-iskusstv-im-dhvorostovskogo/abahay-pahta_2026-06-03,Абахай Пахта,3 июня 19:00 ср,2026-04-23T08:01:45Z
kassir:krs:muzey:pechatnaya-grafika-tsvetnaya-linogravyura,Печатная графика: цветная линогравюра,other,,Площадь Мира,,,unmatched,0.5679,0.425,name_ratio=0.483 | token_overlap=0.500 | venue_tokens_subset | below_threshold,kassir,https://krs.kassir.ru/muzey/pechatnaya-grafika-tsvetnaya-linogravyura,Печатная графика: цветная линогравюра,апрель – май,2026-04-23T08:01:45Z
kassir:krs:muzey:ekskursiya-po-muzeyu--istoriya-arhitektura-postoyannyie-vyistavki,"Экскурсия по музею — история, архитектура, постоянные выставки",other,,Площадь Мира,,,unmatched,0.5679,0.425,name_ratio=0.483 | token_overlap=0.500 | venue_tokens_subset | below_threshold,kassir,https://krs.kassir.ru/muzey/ekskursiya-po-muzeyu--istoriya-arhitektura-postoyannyie-vyistavki,"Экскурсия по музею — история, архитектура, постоянные выставки",апрель – май,2026-04-23T08:01:45Z
kassir:krs:muzey:nochnaya-ekskursiya-s-vyihodom-na-kryishu,Ночная экскурсия с выходом на крышу,other,,Площадь Мира,2026-05-23T20:00:00+07:00,2026-05-23T22:30:00+07:00,unmatched,0.5679,0.425,name_ratio=0.483 | token_overlap=0.500 | venue_tokens_subset | below_threshold,kassir,https://krs.kassir.ru/muzey/nochnaya-ekskursiya-s-vyihodom-na-kryishu,Ночная экскурсия с выходом на крышу,23 мая 20:00 сб,2026-04-23T08:01:45Z
kassir:krs:muzey:nochnaya-ekskursiya-v-2000,Ночная экскурсия,other,,Площадь Мира,,,unmatched,0.5679,0.425,name_ratio=0.483 | token_overlap=0.500 | venue_tokens_subset | below_threshold,kassir,https://krs.kassir.ru/muzey/nochnaya-ekskursiya-v-2000,Ночная экскурсия,апрель – май,2026-04-23T08:01:45Z
kassir:krs:detyam:shou-azot--master-klass-svetlyachok,"Шоу Азот + мастер-класс ""Светлячок""",kids,kids,ТРЦ Планета.,,,unmatched,0.3652,0.3111,name_ratio=0.522 | token_overlap=0.000 | below_threshold,kassir,https://krs.kassir.ru/detyam/shou-azot--master-klass-svetlyachok,"Шоу Азот + мастер-класс ""Светлячок""",апрель – май,2026-04-23T08:01:45Z
kassir:krs:muzey:fotografiya-poisk-vizualnogo-yazyika,Фотография: поиск визуального языка,other,,Площадь Мира,,,unmatched,0.5679,0.425,name_ratio=0.483 | token_overlap=0.500 | venue_tokens_subset | below_threshold,kassir,https://krs.kassir.ru/muzey/fotografiya-poisk-vizualnogo-yazyika,Фотография: поиск визуального языка,апрель – май,2026-04-23T08:01:45Z
kassir:krs:muzey:teoriya-sovremennogo-iskusstva-obrazovatelnyiy-kurs,Теория современного искусства. Образовательный курс,other,,Площадь Мира,,,unmatched,0.5679,0.425,name_ratio=0.483 | token_overlap=0.500 | venue_tokens_subset | below_threshold,kassir,https://krs.kassir.ru/muzey/teoriya-sovremennogo-iskusstva-obrazovatelnyiy-kurs,Теория современного искусства. Образовательный курс,апрель – май,2026-04-23T08:01:45Z
kassir:krs:muzey:masterskaya-trogatelnyih-del-tsikl-zanyatiy,Мастерская трогательных дел. Цикл занятий,other,,Площадь Мира,,,unmatched,0.5679,0.425,name_ratio=0.483 | token_overlap=0.500 | venue_tokens_subset | below_threshold,kassir,https://krs.kassir.ru/muzey/masterskaya-trogatelnyih-del-tsikl-zanyatiy,Мастерская трогательных дел. Цикл занятий,апрель – май,2026-04-23T08:01:45Z
kassir:krs:muzey:tsikl-kinoobsujdeniy-aziatskoe-kino,Цикл кинообсуждений: Азиатское кино,other,,Площадь Мира,,,unmatched,0.5679,0.425,name_ratio=0.483 | token_overlap=0.500 | venue_tokens_subset | below_threshold,kassir,https://krs.kassir.ru/muzey/tsikl-kinoobsujdeniy-aziatskoe-kino,Цикл кинообсуждений: Азиатское кино,апрель – май,2026-04-23T08:01:45Z
kassir:krs:muzey:studiya-performativnyih-praktik,Студия перформативных практик,other,,Площадь Мира,2026-05-10T15:30:00+07:00,2026-05-10T18:00:00+07:00,unmatched,0.5679,0.425,name_ratio=0.483 | token_overlap=0.500 | venue_tokens_subset | below_threshold,kassir,https://krs.kassir.ru/muzey/studiya-performativnyih-praktik,Студия перформативных практик,10 мая 15:30 вс,2026-04-23T08:01:45Z
kassir:krs:muzey:dreyf-progulka-po-vyistavke-budut-znaki,"Дрейф-прогулка по выставке ""Будут знаки""",other,,Площадь Мира,,,unmatched,0.5679,0.425,name_ratio=0.483 | token_overlap=0.500 | venue_tokens_subset | below_threshold,kassir,https://krs.kassir.ru/muzey/dreyf-progulka-po-vyistavke-budut-znaki,"Дрейф-прогулка по выставке ""Будут знаки""",апрель – май,2026-04-23T08:01:45Z
kassir:krs:muzey:arhitekturnaya-ekskursiya,Архитектурная экскурсия,other,,Площадь Мира,2026-04-26T13:00:00+07:00,2026-04-26T15:30:00+07:00,unmatched,0.5679,0.425,name_ratio=0.483 | token_overlap=0.500 | venue_tokens_subset | below_threshold,kassir,https://krs.kassir.ru/muzey/arhitekturnaya-ekskursiya,Архитектурная экскурсия,26 апреля 13:00 вс,2026-04-23T08:01:45Z
kassir:krs:muzey:razgovornyiy-klub-angliyskogo,Разговорный клуб английского,other,,Площадь Мира,,,unmatched,0.5679,0.425,name_ratio=0.483 | token_overlap=0.500 | venue_tokens_subset | below_threshold,kassir,https://krs.kassir.ru/muzey/razgovornyiy-klub-angliyskogo,Разговорный клуб английского,апрель – май,2026-04-23T08:01:45Z
kassir:krs:teatr:est-li-jizn-v-offline,Есть ли жизнь в офлайн?,theatre,theatre,Красноярский театр кукол,2026-05-13T19:00:00+07:00,2026-05-13T21:30:00+07:00,unmatched,0.725,0.72,name_ratio=0.750 | token_overlap=0.400 | theatre_hint | ambiguous_top_match,kassir,https://krs.kassir.ru/teatr/est-li-jizn-v-offline,Есть ли жизнь в офлайн?,13 мая 19:00 ср,2026-04-23T08:01:45Z
kassir:krs:detyam:sobaka-kotoraya-ne-umela-layat,"Собака, которая не умела лаять",kids,kids,Красноярский театр кукол,2026-04-24T00:00:00+07:00,,unmatched,0.725,0.72,name_ratio=0.750 | token_overlap=0.400 | theatre_hint | ambiguous_top_match,kassir,https://krs.kassir.ru/detyam/sobaka-kotoraya-ne-umela-layat,"Собака, которая не умела лаять",24 – 25 апреля,2026-04-23T08:01:45Z
kassir:krs:detyam:kotyonok-po-imeni-gav-2,Котёнок по имени Гав,kids,kids,Красноярский театр кукол,2026-05-23T00:00:00+07:00,,unmatched,0.725,0.72,name_ratio=0.750 | token_overlap=0.400 | theatre_hint | ambiguous_top_match,kassir,https://krs.kassir.ru/detyam/kotyonok-po-imeni-gav-2,Котёнок по имени Гав,23 мая,2026-04-23T08:01:45Z
kassir:krs:detyam:vovka-v-strane-nevyiuchennyih-urokov,Вовка в стране невыученных уроков,kids,kids,Дворец культуры и спорта Металлургов,2026-05-10T12:00:00+07:00,2026-05-10T14:30:00+07:00,unmatched,0.261,0.252,name_ratio=0.373 | token_overlap=0.000 | below_threshold,kassir,https://krs.kassir.ru/detyam/vovka-v-strane-nevyiuchennyih-urokov,Вовка в стране невыученных уроков,10 мая 12:00 вс,2026-04-23T08:01:45Z
kassir:krs:detyam:malenkiy-prints,Маленький принц,kids,kids,Красноярский театр кукол,2026-05-17T00:00:00+07:00,,unmatched,0.725,0.72,name_ratio=0.750 | token_overlap=0.400 | theatre_hint | ambiguous_top_match,kassir,https://krs.kassir.ru/detyam/malenkiy-prints,Маленький принц,17 – 19 мая,2026-04-23T08:01:45Z
kassir:krs:shou:tsirk-graf-orlov,Цирк Граф Орлов,show,show,Парковка ТЦ Планета,,,unmatched,0.3161,0.3,name_ratio=0.452 | token_overlap=0.000 | below_threshold,kassir,https://krs.kassir.ru/shou/tsirk-graf-orlov,Цирк Граф Орлов,апрель – май,2026-04-23T08:01:45Z
kassir:krs:teatr:predstavlenie-svetovyih-kukol-teatr-nikolaya-zyikova-moskva---abakan_2026-04-20,Представление световых кукол. Театр Николая Зыкова (Абакан),theatre,theatre,ДК Железнодорожников (Абакан),2026-09-25T19:00:00+07:00,2026-09-25T21:30:00+07:00,unmatched,0.3411,0.3172,name_ratio=0.316 | token_overlap=0.000 | type_boost=театр:theatre | below_threshold,kassir,https://krs.kassir.ru/teatr/dvorets-kulturyi-jeleznodorojnikov-gabakan/predstavlenie-svetovyih-kukol-teatr-nikolaya-zyikova-moskva---abakan_2026-04-20,Представление световых кукол. Театр Николая Зыкова (Абакан),25 сентября 19:00 пт,2026-04-23T08:01:45Z
kassir:krs:detyam:shou-fokusov-udivitelnoe-ryadom,Шоу фокусов. Удивительное рядом,kids,kids,ТРК КомсоМолл,2026-04-25T17:30:00+07:00,2026-04-25T20:00:00+07:00,unmatched,0.3294,0.3182,name_ratio=0.471 | token_overlap=0.000 | below_threshold,kassir,https://krs.kassir.ru/detyam/shou-fokusov-udivitelnoe-ryadom,Шоу фокусов. Удивительное рядом,25 апреля 17:30 сб,2026-04-23T08:01:45Z
kassir:krs:detyam:detskaya-nauchnaya-ploschadka,Детская научная площадка,kids,kids,ТРЦ Планета.,2026-04-23T00:00:00+07:00,,unmatched,0.3652,0.3111,name_ratio=0.522 | token_overlap=0.000 | below_threshold,kassir,https://krs.kassir.ru/detyam/detskaya-nauchnaya-ploschadka,Детская научная площадка,23 – 30 апреля,2026-04-23T08:01:45Z
kassir:krs:detyam:elektroshou-i-master-klass-otkryitka-s-podsvetkoy,"Электрошоу и Мастер-класс ""Открытка с подсветкой""",kids,kids,ТРЦ Планета.,,,unmatched,0.3652,0.3111,name_ratio=0.522 | token_overlap=0.000 | below_threshold,kassir,https://krs.kassir.ru/detyam/elektroshou-i-master-klass-otkryitka-s-podsvetkoy,"Электрошоу и Мастер-класс ""Открытка с подсветкой""",апрель – май,2026-04-23T08:01:45Z
kassir:krs:detyam:mtsyiri-ktk,Мцыри,kids,kids,Красноярский театр кукол,2026-05-12T19:00:00+07:00,2026-05-12T21:30:00+07:00,unmatched,0.725,0.72,name_ratio=0.750 | token_overlap=0.400 | theatre_hint | ambiguous_top_match,kassir,https://krs.kassir.ru/detyam/mtsyiri-ktk,Мцыри,12 мая 19:00 вт,2026-04-23T08:01:45Z
kassir:krs:teatr:chuk-i-gek--7,Чук и Гек,theatre,theatre,Красноярский театр кукол,2026-05-09T00:00:00+07:00,,unmatched,0.725,0.72,name_ratio=0.750 | token_overlap=0.400 | theatre_hint | ambiguous_top_match,kassir,https://krs.kassir.ru/teatr/chuk-i-gek--7,Чук и Гек,9 мая,2026-04-23T08:01:45Z
kassir:krs:detyam:zolotoy-tsyiplenok--4,Золотой цыпленок,kids,kids,Красноярский театр кукол,2026-05-10T00:00:00+07:00,,unmatched,0.725,0.72,name_ratio=0.750 | token_overlap=0.400 | theatre_hint | ambiguous_top_match,kassir,https://krs.kassir.ru/detyam/zolotoy-tsyiplenok--4,Золотой цыпленок,10 мая,2026-04-23T08:01:45Z
kassir:krs:teatr:kolyibelnaya-dlya-myishonka--3,Колыбельная для мышонка,theatre,theatre,Красноярский театр кукол,2026-05-24T00:00:00+07:00,,unmatched,0.725,0.72,name_ratio=0.750 | token_overlap=0.400 | theatre_hint | ambiguous_top_match,kassir,https://krs.kassir.ru/teatr/kolyibelnaya-dlya-myishonka--3,Колыбельная для мышонка,24 мая,2026-04-23T08:01:45Z
kassir:krs:detyam:vorobishko-2,Воробьишко,kids,kids,Красноярский театр кукол,2026-05-05T00:00:00+07:00,,unmatched,0.725,0.72,name_ratio=0.750 | token_overlap=0.400 | theatre_hint | ambiguous_top_match,kassir,https://krs.kassir.ru/detyam/vorobishko-2,Воробьишко,5 – 20 мая,2026-04-23T08:01:45Z
kassir:krs:detyam:ekskursiya-professionalnyiy-teatr-kukol--16,Профессиональный театр кукол. Экскурсия,kids,kids,Красноярский театр кукол,2026-05-14T00:00:00+07:00,,unmatched,0.845,0.84,name_ratio=0.750 | token_overlap=0.400 | type_boost=театр:theatre | theatre_hint | ambiguous_top_match,kassir,https://krs.kassir.ru/detyam/ekskursiya-professionalnyiy-teatr-kukol--16,Профессиональный театр кукол. Экскурсия,14 – 28 мая,2026-04-23T08:01:45Z
kassir:krs:detyam:aktiviti-park-semeynogo-otdyiha-grek-land,Активити-парк семейного отдыха Grek Land,kids,kids,Grek Land,,,unmatched,0.3043,0.2947,name_ratio=0.435 | token_overlap=0.000 | below_threshold,kassir,https://krs.kassir.ru/detyam/aktiviti-park-semeynogo-otdyiha-grek-land,Активити-парк семейного отдыха Grek Land,март – декабрь,2026-04-23T08:01:45Z
kassir:krs:shou:nadya-djabrailova-19,Надя Джабраилова. Stand Up,show,show,ДК Комбайностроителей,2026-05-15T19:00:00+07:00,2026-05-15T21:30:00+07:00,unmatched,0.317,0.3,name_ratio=0.453 | token_overlap=0.000 | below_threshold,kassir,https://krs.kassir.ru/shou/nadya-djabrailova-19,Надя Джабраилова. Stand Up,15 мая 19:00 пт,2026-04-23T08:01:45Z
kassir:krs:shou:gromkiy-vopros-komandnyiy-turnir-1,Громкий Вопрос. Командный турнир,show,show,"Лаундж-бар ""Цоколь""",2026-04-25T17:30:00+07:00,2026-04-25T20:00:00+07:00,unmatched,0.3482,0.3231,name_ratio=0.412 | token_overlap=0.200 | below_threshold,kassir,https://krs.kassir.ru/shou/gromkiy-vopros-komandnyiy-turnir-1,Громкий Вопрос. Командный турнир,25 апреля 17:30 сб,2026-04-23T08:01:45Z
kassir:krs:obrazovanie:osnovyi-masterstva-veduschego-master-klass,Основы мастерства ведущего. Мастер-класс,education,,Эвенкийский районный культурно-досуговый центр,,,unmatched,0.3182,0.2947,name_ratio=0.455 | token_overlap=0.000 | below_threshold,kassir,https://krs.kassir.ru/obrazovanie/osnovyi-masterstva-veduschego-master-klass,Основы мастерства ведущего. Мастер-класс,апрель – май,2026-04-23T08:01:45Z
kassir:krs:obrazovanie:yuvelirnoe-svidanie,Ювелирное свидание,education,,Дом Художника – Easy Draw,,,unmatched,0.3145,0.2858,name_ratio=0.364 | token_overlap=0.200 | below_threshold,kassir,https://krs.kassir.ru/obrazovanie/yuvelirnoe-svidanie,Ювелирное свидание,апрель – май,2026-04-23T08:01:45Z
kassir:krs:obrazovanie:viktoriya-makarskaya---babsovet-1,Виктория Макарская - БабСовет,education,,Сибирский государственный институт искусств им. Д.Хворостовского,2026-06-07T16:00:00+07:00,2026-06-07T18:30:00+07:00,unmatched,0.4275,0.3964,name_ratio=0.549 | token_overlap=0.143 | below_threshold,kassir,https://krs.kassir.ru/obrazovanie/viktoriya-makarskaya---babsovet-1,Виктория Макарская - БабСовет,7 июня 16:00 вс,2026-04-23T08:01:45Z
kassir:krs:obrazovanie:shedevryi-iz-samozatverdevayuschey-glinyi,Шедевры из самозатвердевающей глины,education,,Дом Художника – Easy Draw,,,unmatched,0.3145,0.2858,name_ratio=0.364 | token_overlap=0.200 | below_threshold,kassir,https://krs.kassir.ru/obrazovanie/shedevryi-iz-samozatverdevayuschey-glinyi,Шедевры из самозатвердевающей глины,апрель – июнь,2026-04-23T08:01:45Z
kassir:krs:obrazovanie:alfa-konfa-krasnoyarsk,Альфа-Конфа,education,,Дворец спорта им. Ивана Ярыгина,2026-06-24T11:00:00+07:00,2026-06-24T13:30:00+07:00,unmatched,0.28,0.2716,name_ratio=0.400 | token_overlap=0.000 | below_threshold,kassir,https://krs.kassir.ru/obrazovanie/alfa-konfa-krasnoyarsk,Альфа-Конфа,24 июня 11:00 ср,2026-04-23T08:01:45Z
kassir:krs:obrazovanie:davay-poigraem,Давай поиграем,education,,Фридом,,,unmatched,0.3231,0.3,name_ratio=0.462 | token_overlap=0.000 | below_threshold,kassir,https://krs.kassir.ru/obrazovanie/davay-poigraem,Давай поиграем,апрель – май,2026-04-23T08:01:45Z
kassir:krs:obrazovanie:teplo-tvoih-ruk-avtorskiy-magnit,Тепло твоих рук. Авторский магнит,education,,Дом Художника – Easy Draw,,,unmatched,0.3145,0.2858,name_ratio=0.364 | token_overlap=0.200 | below_threshold,kassir,https://krs.kassir.ru/obrazovanie/teplo-tvoih-ruk-avtorskiy-magnit,Тепло твоих рук. Авторский магнит,апрель – июнь,2026-04-23T08:01:45Z
kassir:krs:teatr:lyubov-i-golubi_2026-05-04,Любовь и голуби,theatre,theatre,ДК ЛДК №1 г. Лесосибирск,2026-05-04T19:00:00+07:00,2026-05-04T21:30:00+07:00,unmatched,0.2593,0.2406,name_ratio=0.370 | token_overlap=0.000 | below_threshold,kassir,https://krs.kassir.ru/teatr/dk-ldk-1-g-lesosibirsk/lyubov-i-golubi_2026-05-04,Любовь и голуби,4 мая 19:00 пн,2026-04-23T08:07:39Z
kassir:krs:teatr:bremenskie-muzyikantyi,Бременские музыканты,theatre,theatre,Дворец культуры и спорта Металлургов,2026-05-02T12:00:00+07:00,2026-05-02T14:30:00+07:00,unmatched,0.261,0.252,name_ratio=0.373 | token_overlap=0.000 | below_threshold,kassir,https://krs.kassir.ru/teatr/bremenskie-muzyikantyi,Бременские музыканты,2 мая 12:00 сб,2026-04-23T08:07:39Z
kassir:krs:teatr:lyubovnichki-krasnoyarsk_2026-05-15,Любовнички. Красноярск,theatre,theatre,Гранд-холл Сибирь,2026-05-15T19:00:00+07:00,2026-05-15T21:30:00+07:00,unmatched,0.4652,0.4017,name_ratio=0.522 | token_overlap=0.333 | below_threshold,kassir,https://krs.kassir.ru/teatr/kz-grand-holl-sibir/lyubovnichki-krasnoyarsk_2026-05-15,Любовнички. Красноярск,15 мая 19:00 пт,2026-04-23T08:07:39Z
kassir:krs:teatr:oy-ryabina-kudryavaya,"Ой, рябина кудрявая",theatre,theatre,Красноярский театр кукол,,,unmatched,0.725,0.72,name_ratio=0.750 | token_overlap=0.400 | theatre_hint | ambiguous_top_match,kassir,https://krs.kassir.ru/teatr/oy-ryabina-kudryavaya,"Ой, рябина кудрявая",апрель – май,2026-04-23T08:07:39Z
kassir:krs:teatr:lyubovnichki-jeleznogorsk_2026-05-16,Любовнички. Железногорск,theatre,theatre,Дворец культуры (Железногорск),2026-05-16T19:00:00+07:00,2026-05-16T21:30:00+07:00,unmatched,0.3,0.239,name_ratio=0.429 | token_overlap=0.000 | below_threshold,kassir,https://krs.kassir.ru/teatr/mbuk-dvorets-kulturyi-g-jeleznogorsk/lyubovnichki-jeleznogorsk_2026-05-16,Любовнички. Железногорск,16 мая 19:00 сб,2026-04-23T08:07:39Z
kassir:krs:teatr:iskusstvo-kitayskih-kukolnikov-tk-kitay,"Искусство китайских кукольников (ТК, Китай)",theatre,theatre,Сибирский государственный институт искусств им. Д.Хворостовского,2026-05-31T00:00:00+07:00,,unmatched,0.4275,0.3964,name_ratio=0.549 | token_overlap=0.143 | below_threshold,kassir,https://krs.kassir.ru/teatr/iskusstvo-kitayskih-kukolnikov-tk-kitay,"Искусство китайских кукольников (ТК, Китай)",31 мая,2026-04-23T08:07:39Z
kassir:krs:teatr:nochnoy-gost-kansk_2026-06-10,Ночной гость (Канск),theatre,theatre,ГДК (Канск),2026-06-10T19:00:00+07:00,2026-06-10T21:30:00+07:00,unmatched,0.3294,0.28,name_ratio=0.471 | token_overlap=0.000 | below_threshold,kassir,https://krs.kassir.ru/teatr/gorodskoy-dom-kulturyi-g-kanska/nochnoy-gost-kansk_2026-06-10,Ночной гость (Канск),10 июня 19:00 ср,2026-04-23T08:07:39Z
kassir:krs:teatr:don-kihot-kurganskiy-tk,Дон Кихот (Курганский ТК),theatre,theatre,Дворец Труда и Согласия имени А.Кузнецова,2026-06-03T15:00:00+07:00,2026-06-03T17:30:00+07:00,unmatched,0.3197,0.2989,name_ratio=0.414 | token_overlap=0.100 | below_threshold,kassir,https://krs.kassir.ru/teatr/don-kihot-kurganskiy-tk,Дон Кихот (Курганский ТК),3 июня 15:00 ср,2026-04-23T08:07:39Z
kassir:krs:teatr:nochnoy-gost-achinsk_2026-06-09,Ночной гость (Ачинск),theatre,theatre,Городской ДК г. Ачинск,2026-06-09T19:00:00+07:00,2026-06-09T21:30:00+07:00,unmatched,0.3111,0.2947,name_ratio=0.444 | token_overlap=0.000 | below_threshold,kassir,https://krs.kassir.ru/teatr/zal-gordk-gachinsk/nochnoy-gost-achinsk_2026-06-09,Ночной гость (Ачинск),9 июня 19:00 вт,2026-04-23T08:07:39Z
kassir:krs:teatr:master-i-margarita_2026-10-23,Мастер и Маргарита,theatre,theatre,КЗ Новая Сцена,2026-10-23T19:00:00+07:00,2026-10-23T21:30:00+07:00,unmatched,0.35,0.3333,name_ratio=0.500 | token_overlap=0.000 | below_threshold,kassir,https://krs.kassir.ru/teatr/novaya-stsena/master-i-margarita_2026-10-23,Мастер и Маргарита,23 октября 19:00 пт,2026-04-23T08:07:39Z
kassir:krs:teatr:dvoe-na-kachelyah-spektakl_2026-08-20,Двое на качелях. Спектакль,theatre,theatre,Гранд-холл Сибирь,2026-08-20T19:00:00+07:00,2026-08-20T21:30:00+07:00,unmatched,0.4652,0.4017,name_ratio=0.522 | token_overlap=0.333 | below_threshold,kassir,https://krs.kassir.ru/teatr/kz-grand-holl-sibir/dvoe-na-kachelyah-spektakl_2026-08-20,Двое на качелях. Спектакль,20 августа 19:00 чт,2026-04-23T08:07:39Z
kassir:krs:teatr:zvuki-moey-rodinyi-tk-iran,"Звуки моей Родины (ТК, Иран)",theatre,theatre,Красноярский театр кукол,2026-05-31T14:00:00+07:00,2026-05-31T16:30:00+07:00,unmatched,0.725,0.72,name_ratio=0.750 | token_overlap=0.400 | theatre_hint | ambiguous_top_match,kassir,https://krs.kassir.ru/teatr/zvuki-moey-rodinyi-tk-iran,"Звуки моей Родины (ТК, Иран)",31 мая 14:00 вс,2026-04-23T08:07:39Z
kassir:krs:teatr:kokteyl-figaro,Коктейль Фигаро,theatre,theatre,Красноярский театр кукол,2026-05-03T00:00:00+07:00,,unmatched,0.725,0.72,name_ratio=0.750 | token_overlap=0.400 | theatre_hint | ambiguous_top_match,kassir,https://krs.kassir.ru/teatr/kokteyl-figaro,Коктейль Фигаро,3 – 10 мая,2026-04-23T08:07:39Z
kassir:krs:teatr:son-smeshnogo-cheloveka-6,Сон смешного человека,theatre,theatre,Красноярский театр кукол,2026-05-26T19:00:00+07:00,2026-05-26T21:30:00+07:00,unmatched,0.725,0.72,name_ratio=0.750 | token_overlap=0.400 | theatre_hint | ambiguous_top_match,kassir,https://krs.kassir.ru/teatr/son-smeshnogo-cheloveka-6,Сон смешного человека,26 мая 19:00 вт,2026-04-23T08:07:39Z
kassir:krs:teatr:krotkaya-14,Кроткая,theatre,theatre,Красноярский театр кукол,,,unmatched,0.725,0.72,name_ratio=0.750 | token_overlap=0.400 | theatre_hint | ambiguous_top_match,kassir,https://krs.kassir.ru/teatr/krotkaya-14,Кроткая,апрель – май,2026-04-23T08:07:39Z
kassir:krs:teatr:legenda-o-velikom-inkvizitore,Легенда о Великом инквизиторе,theatre,theatre,Красноярский театр кукол,2026-05-27T19:00:00+07:00,2026-05-27T21:30:00+07:00,unmatched,0.725,0.72,name_ratio=0.750 | token_overlap=0.400 | theatre_hint | ambiguous_top_match,kassir,https://krs.kassir.ru/teatr/legenda-o-velikom-inkvizitore,Легенда о Великом инквизиторе,27 мая 19:00 ср,2026-04-23T08:07:39Z
kassir:krs:teatr:dubrovskiy-13,Дубровский,theatre,theatre,Красноярский театр кукол,2026-04-30T00:00:00+07:00,,unmatched,0.725,0.72,name_ratio=0.750 | token_overlap=0.400 | theatre_hint | ambiguous_top_match,kassir,https://krs.kassir.ru/teatr/dubrovskiy-13,Дубровский,"29 , 30 апреля",2026-04-23T08:07:39Z
kassir:krs:teatr:egorkina-byilina-avanpremera,Егоркина былина,theatre,theatre,Красноярский театр кукол,2026-05-15T19:00:00+07:00,2026-05-15T21:30:00+07:00,unmatched,0.725,0.72,name_ratio=0.750 | token_overlap=0.400 | theatre_hint | ambiguous_top_match,kassir,https://krs.kassir.ru/teatr/egorkina-byilina-avanpremera,Егоркина былина,15 мая 19:00 пт,2026-04-23T08:07:39Z
kassir:krs:teatr:harms--18,Хармс,theatre,theatre,Красноярский театр кукол,2026-05-22T19:00:00+07:00,2026-05-22T21:30:00+07:00,unmatched,0.725,0.72,name_ratio=0.750 | token_overlap=0.400 | theatre_hint | ambiguous_top_match,kassir,https://krs.kassir.ru/teatr/harms--18,Хармс,22 мая 19:00 пт,2026-04-23T08:07:39Z
kassir:krs:teatr:spektakl-sem-ya,"Спектакль ""Семь Я""",theatre,theatre,Дом науки и техники,2026-05-23T18:00:00+07:00,2026-05-23T20:30:00+07:00,unmatched,0.5662,0.423,name_ratio=0.552 | token_overlap=0.200 | type_boost=спектакл:theatre | below_threshold,kassir,https://krs.kassir.ru/teatr/spektakl-sem-ya,"Спектакль ""Семь Я""",23 мая 18:00 сб,2026-04-23T08:07:39Z
kassir:krs:teatr:povest-o-nastoyaschem-cheloveke-1,Повесть о настоящем человеке,theatre,theatre,Красноярский театр кукол,2026-05-08T19:00:00+07:00,2026-05-08T21:30:00+07:00,unmatched,0.725,0.72,name_ratio=0.750 | token_overlap=0.400 | theatre_hint | ambiguous_top_match,kassir,https://krs.kassir.ru/teatr/povest-o-nastoyaschem-cheloveke-1,Повесть о настоящем человеке,8 мая 19:00 пт,2026-04-23T08:07:39Z
kassir:krs:teatr:moy-dom,Мой дом,theatre,theatre,Красноярский театр кукол,2026-05-08T00:00:00+07:00,,unmatched,0.725,0.72,name_ratio=0.750 | token_overlap=0.400 | theatre_hint | ambiguous_top_match,kassir,https://krs.kassir.ru/teatr/moy-dom,Мой дом,"7 , 8 мая",2026-04-23T08:07:39Z
kassir:krs:teatr:lesnoe-pianino,Лесное пианино,theatre,theatre,Красноярский театр кукол,,,unmatched,0.725,0.72,name_ratio=0.750 | token_overlap=0.400 | theatre_hint | ambiguous_top_match,kassir,https://krs.kassir.ru/teatr/lesnoe-pianino,Лесное пианино,апрель – май,2026-04-23T08:07:39Z
kassir:krs:teatr:mashenka-i-medved--4,Машенька и Медведь,theatre,theatre,Красноярский театр кукол,2026-05-16T00:00:00+07:00,,unmatched,0.725,0.72,name_ratio=0.750 | token_overlap=0.400 | theatre_hint | ambiguous_top_match,kassir,https://krs.kassir.ru/teatr/mashenka-i-medved--4,Машенька и Медведь,16 мая,2026-04-23T08:07:39Z
kassir:krs:teatr:den-i-noch,День и ночь,theatre,theatre,Красноярский театр кукол,2026-05-10T00:00:00+07:00,,unmatched,0.725,0.72,name_ratio=0.750 | token_overlap=0.400 | theatre_hint | ambiguous_top_match,kassir,https://krs.kassir.ru/teatr/den-i-noch,День и ночь,"9 , 10 мая",2026-04-23T08:07:39Z
kassir:krs:teatr:moy-volshebnyiy-nosok,Мой волшебный носок,theatre,theatre,Красноярский театр кукол,,,unmatched,0.725,0.72,name_ratio=0.750 | token_overlap=0.400 | theatre_hint | ambiguous_top_match,kassir,https://krs.kassir.ru/teatr/moy-volshebnyiy-nosok,Мой волшебный носок,апрель – май,2026-04-23T08:07:39Z
kassir:krs:teatr:pozyivnoy-tishina-spektakl-chitka,Позывной Тишина. Спектакль-читка,theatre,theatre,Красноярский театр кукол,2026-05-07T19:00:00+07:00,2026-05-07T21:30:00+07:00,unmatched,0.845,0.84,name_ratio=0.750 | token_overlap=0.400 | type_boost=спектакл:theatre | theatre_hint | ambiguous_top_match,kassir,https://krs.kassir.ru/teatr/pozyivnoy-tishina-spektakl-chitka,Позывной Тишина. Спектакль-читка,7 мая 19:00 чт,2026-04-23T08:07:39Z
kassir:krs:teatr:zverskiy-detektiv_2026-05-04,Зверский детектив,theatre,"kids, theatre",ДК ЛДК №1 г. Лесосибирск,2026-05-04T13:00:00+07:00,2026-05-04T15:30:00+07:00,unmatched,0.2593,0.2406,name_ratio=0.370 | token_overlap=0.000 | below_threshold,kassir,https://krs.kassir.ru/teatr/dk-ldk-1-g-lesosibirsk/zverskiy-detektiv_2026-05-04,Зверский детектив,4 мая 13:00 пн,2026-04-23T08:07:39Z
